target,server,query_class,response_format,concurrency,repetition,requests,error_fraction,rps,latency_p50_s,latency_p95_s,ttfb_p95_s,mean_response_bytes,generator_cpu_peak,generator_guard_ok
egernia-local,egernia,mix,votable,1,1,6651,0.0,55.423,0.013902,0.034131,0.032631,58762.0,0.14,True
dachs-local,dachs,mix,votable,1,1,357,0.0,2.966,0.344013,0.586856,0.586393,49704.6,0.015,True
egernia-local,egernia,mix,votable,1,2,6609,0.0,55.074,0.013809,0.034201,0.032675,57000.6,0.13,True
dachs-local,dachs,mix,votable,1,2,359,0.0,2.98,0.330455,0.583488,0.582996,52984.9,0.015,True
egernia-local,egernia,mix,votable,1,3,6719,0.0,55.989,0.013688,0.033927,0.032261,59085.0,0.14,True
dachs-local,dachs,mix,votable,1,3,376,0.0,3.129,0.244462,0.580225,0.579665,64510.9,0.015,True
egernia-local,egernia,mix,votable,4,1,16580,0.0,138.086,0.023977,0.051923,0.047516,58795.3,0.1,True
dachs-local,dachs,mix,votable,4,1,1058,0.0,8.765,0.448801,0.846809,0.846171,56449.4,0.035,True
egernia-local,egernia,mix,votable,4,2,16431,0.0,136.893,0.023943,0.05267,0.048139,58131.7,0.105,True
dachs-local,dachs,mix,votable,4,2,1084,0.0,8.986,0.428915,0.845425,0.844937,55842.7,0.015,True
egernia-local,egernia,mix,votable,4,3,16419,0.0,136.724,0.02412,0.05251,0.048044,58287.4,0.1,True
dachs-local,dachs,mix,votable,4,3,1077,0.0,8.939,0.423672,0.859582,0.859064,56094.5,0.015,True
egernia-local,egernia,mix,votable,8,1,17574,0.0,146.272,0.049459,0.088081,0.078342,58530.5,0.1,True
dachs-local,dachs,mix,votable,8,1,1243,0.0,10.292,0.766627,1.261714,1.261226,57693.6,0.015,True
egernia-local,egernia,mix,votable,8,2,17534,0.0,146.083,0.049074,0.088938,0.079754,58270.4,0.105,True
dachs-local,dachs,mix,votable,8,2,1250,0.0,10.346,0.778895,1.230088,1.229568,55718.3,0.015,True
egernia-local,egernia,mix,votable,8,3,17534,0.0,145.973,0.0494,0.089027,0.078902,58168.5,0.1,True
dachs-local,dachs,mix,votable,8,3,1260,0.0,10.438,0.766012,1.218841,1.218227,58291.3,0.015,True
egernia-local,egernia,mix,votable,16,1,16889,0.0,140.581,0.106924,0.169972,0.152486,58756.2,0.1,True
dachs-local,dachs,mix,votable,16,1,1222,0.0,10.089,1.576338,2.089982,2.089218,56839.1,0.015,True
egernia-local,egernia,mix,votable,16,2,16863,0.0,140.401,0.107108,0.172183,0.152386,58142.4,0.095,True
dachs-local,dachs,mix,votable,16,2,1218,0.0,10.06,1.569973,2.105083,2.104498,55190.9,0.015,True
egernia-local,egernia,mix,votable,16,3,16831,0.0,140.144,0.107529,0.171174,0.151912,58315.4,0.1,True
dachs-local,dachs,mix,votable,16,3,1209,0.0,9.947,1.571482,2.12492,2.124429,57757.7,0.02,True
egernia-local,egernia,mix,votable,32,1,15928,0.0,132.553,0.23388,0.325191,0.312735,59141.9,0.095,True
dachs-local,dachs,mix,votable,32,1,1224,0.0,9.966,3.205551,3.702112,3.701612,57538.6,0.02,True
egernia-local,egernia,mix,votable,32,2,16002,0.0,133.181,0.232444,0.326294,0.313705,58112.6,0.095,True
dachs-local,dachs,mix,votable,32,2,1224,0.0,9.974,3.183844,3.714213,3.713688,55248.2,0.02,True
egernia-local,egernia,mix,votable,32,3,16000,0.0,133.053,0.23245,0.32266,0.312224,58238.8,0.095,True
dachs-local,dachs,mix,votable,32,3,1236,0.0,10.028,3.168003,3.715481,3.714979,58440.6,0.015,True
egernia-local,egernia,Q01,votable,1,1,19406,0.0,161.715,0.005717,0.008234,0.007648,2682.0,0.295,True
dachs-local,dachs,Q01,votable,1,1,2185,0.0,18.207,0.039308,0.209864,0.209395,4706.0,0.045,True
egernia-local,egernia,Q01,votable,1,2,19476,0.0,162.299,0.00569,0.008221,0.007666,2682.0,0.285,True
dachs-local,dachs,Q01,votable,1,2,2168,0.0,18.063,0.039032,0.215181,0.214671,4706.0,0.045,True
egernia-local,egernia,Q01,votable,1,3,19391,0.0,161.585,0.005721,0.008324,0.007727,2682.0,0.31,True
dachs-local,dachs,Q01,votable,1,3,2134,0.0,17.769,0.039103,0.222954,0.22247,4706.0,0.045,True
egernia-local,egernia,Q01,votable,4,1,23818,0.0,198.462,0.019132,0.029066,0.027515,2682.0,0.135,True
dachs-local,dachs,Q01,votable,4,1,1889,0.0,15.734,0.210822,0.417806,0.417278,4706.0,0.04,True
egernia-local,egernia,Q01,votable,4,2,23869,0.0,198.891,0.019077,0.029131,0.027599,2682.0,0.135,True
dachs-local,dachs,Q01,votable,4,2,1860,0.0,15.469,0.216278,0.424123,0.423443,4706.0,0.02,True
egernia-local,egernia,Q01,votable,4,3,23750,0.0,197.895,0.019146,0.029064,0.027373,2682.0,0.125,True
dachs-local,dachs,Q01,votable,4,3,1858,0.0,15.475,0.211218,0.427414,0.426834,4706.0,0.02,True
egernia-local,egernia,Q01,votable,8,1,22794,0.0,189.907,0.040551,0.059684,0.056559,2682.0,0.12,True
dachs-local,dachs,Q01,votable,8,1,1822,0.0,15.157,0.559065,0.658524,0.658051,4706.0,0.015,True
egernia-local,egernia,Q01,votable,8,2,22816,0.0,190.101,0.040433,0.059431,0.05657,2682.0,0.12,True
dachs-local,dachs,Q01,votable,8,2,1803,0.0,14.99,0.569539,0.662727,0.662252,4706.0,0.02,True
egernia-local,egernia,Q01,votable,8,3,22806,0.0,190.016,0.040412,0.059735,0.056767,2682.0,0.13,True
dachs-local,dachs,Q01,votable,8,3,1803,0.0,14.988,0.574213,0.662479,0.661926,4706.0,0.015,True
egernia-local,egernia,Q01,votable,16,1,21989,0.0,183.138,0.084875,0.114978,0.109958,2682.0,0.115,True
dachs-local,dachs,Q01,votable,16,1,1647,0.0,13.636,1.154569,1.39522,1.394741,4706.0,0.015,True
egernia-local,egernia,Q01,votable,16,2,21877,0.0,182.215,0.085156,0.115834,0.110443,2682.0,0.115,True
dachs-local,dachs,Q01,votable,16,2,1619,0.0,13.411,1.187944,1.414652,1.414072,4706.0,0.015,True
egernia-local,egernia,Q01,votable,16,3,21827,0.0,181.822,0.085375,0.116175,0.110677,2682.0,0.12,True
dachs-local,dachs,Q01,votable,16,3,1625,0.0,13.47,1.181997,1.412605,1.412078,4706.0,0.015,True
egernia-local,egernia,Q01,votable,32,1,20618,0.0,171.659,0.181036,0.23411,0.228224,2682.0,0.11,True
dachs-local,dachs,Q01,votable,32,1,1566,0.0,12.854,2.421501,2.920599,2.920101,4706.0,0.02,True
egernia-local,egernia,Q01,votable,32,2,20615,0.0,171.56,0.181303,0.232515,0.226702,2682.0,0.11,True
dachs-local,dachs,Q01,votable,32,2,1613,0.0,13.264,2.419458,2.587716,2.587081,4706.0,0.02,True
egernia-local,egernia,Q01,votable,32,3,20558,0.0,171.116,0.181605,0.23276,0.227095,2682.0,0.11,True
dachs-local,dachs,Q01,votable,32,3,1610,0.0,13.213,2.419577,2.601582,2.601094,4706.0,0.02,True
egernia-local,egernia,Q02,votable,1,1,7583,0.0,63.186,0.014821,0.023752,0.023148,52519.6,0.13,True
dachs-local,dachs,Q02,votable,1,1,618,0.0,5.148,0.171797,0.412107,0.411639,50915.4,0.02,True
egernia-local,egernia,Q02,votable,1,2,7531,0.0,62.757,0.014931,0.023475,0.022842,52526.8,0.135,True
dachs-local,dachs,Q02,votable,1,2,617,0.0,5.134,0.172629,0.410565,0.410086,50905.3,0.02,True
egernia-local,egernia,Q02,votable,1,3,7532,0.0,62.759,0.014903,0.023825,0.023302,52515.9,0.14,True
dachs-local,dachs,Q02,votable,1,3,616,0.0,5.132,0.173041,0.407623,0.407168,50866.9,0.02,True
egernia-local,egernia,Q02,votable,4,1,16143,0.0,134.503,0.028446,0.042518,0.040964,52518.8,0.095,True
dachs-local,dachs,Q02,votable,4,1,1237,0.0,10.296,0.355805,0.616529,0.615998,50899.8,0.015,True
egernia-local,egernia,Q02,votable,4,2,16117,0.0,134.284,0.028389,0.042746,0.041164,52522.1,0.105,True
dachs-local,dachs,Q02,votable,4,2,1219,0.0,10.139,0.365664,0.619553,0.618977,50885.7,0.035,True
egernia-local,egernia,Q02,votable,4,3,16114,0.0,134.273,0.028476,0.042909,0.041539,52524.2,0.095,True
dachs-local,dachs,Q02,votable,4,3,1230,0.0,10.232,0.365539,0.607145,0.606671,50885.1,0.015,True
egernia-local,egernia,Q02,votable,8,1,17878,0.0,148.939,0.051962,0.074709,0.071516,52518.5,0.095,True
dachs-local,dachs,Q02,votable,8,1,1205,0.0,9.988,0.813741,1.024315,1.023776,50897.1,0.015,True
egernia-local,egernia,Q02,votable,8,2,17841,0.0,148.644,0.052008,0.074698,0.07162,52521.6,0.095,True
dachs-local,dachs,Q02,votable,8,2,1204,0.0,9.998,0.806534,1.038103,1.037511,50888.2,0.015,True
egernia-local,egernia,Q02,votable,8,3,17874,0.0,148.915,0.05189,0.074468,0.071213,52522.5,0.095,True
dachs-local,dachs,Q02,votable,8,3,1201,0.0,9.986,0.815703,1.023983,1.023399,50885.4,0.015,True
egernia-local,egernia,Q02,votable,16,1,17348,0.0,144.478,0.107959,0.144588,0.139465,52518.4,0.095,True
dachs-local,dachs,Q02,votable,16,1,1160,0.0,9.588,1.664182,1.983772,1.98326,50898.0,0.015,True
egernia-local,egernia,Q02,votable,16,2,17361,0.0,144.589,0.107898,0.144643,0.139325,52520.8,0.095,True
dachs-local,dachs,Q02,votable,16,2,1163,0.0,9.585,1.653307,1.988481,1.988001,50892.0,0.015,True
egernia-local,egernia,Q02,votable,16,3,17419,0.0,145.073,0.107627,0.143443,0.137689,52523.1,0.09,True
dachs-local,dachs,Q02,votable,16,3,1156,0.0,9.553,1.66347,1.976984,1.976475,50888.1,0.015,True
egernia-local,egernia,Q02,votable,32,1,16379,0.0,136.334,0.229196,0.289428,0.283084,52518.2,0.09,True
dachs-local,dachs,Q02,votable,32,1,1177,0.0,9.608,3.337368,3.611879,3.61128,50898.9,0.015,True
egernia-local,egernia,Q02,votable,32,2,16453,0.0,136.939,0.228528,0.285284,0.279514,52521.7,0.09,True
dachs-local,dachs,Q02,votable,32,2,1177,0.0,9.605,3.330276,3.573421,3.572817,50889.8,0.02,True
egernia-local,egernia,Q02,votable,32,3,16412,0.0,136.567,0.22884,0.285492,0.279657,52523.4,0.09,True
dachs-local,dachs,Q02,votable,32,3,1177,0.0,9.567,3.347697,3.614605,3.613967,50883.7,0.015,True
egernia-local,egernia,Q03,votable,1,1,4042,0.0,33.674,0.013127,0.125673,0.125229,35654.4,0.085,True
dachs-local,dachs,Q03,votable,1,1,1162,0.0,9.671,0.072119,0.320646,0.320179,36723.1,0.03,True
egernia-local,egernia,Q03,votable,1,2,4063,0.0,33.858,0.013169,0.12616,0.125671,35738.5,0.095,True
dachs-local,dachs,Q03,votable,1,2,774,0.0,6.447,0.075018,0.453564,0.453088,35891.0,0.025,True
egernia-local,egernia,Q03,votable,1,3,4073,0.0,33.927,0.012972,0.125126,0.124559,35639.4,0.09,True
dachs-local,dachs,Q03,votable,1,3,1152,0.0,9.599,0.071493,0.315393,0.314911,35766.4,0.03,True
egernia-local,egernia,Q03,votable,4,1,12133,0.0,101.01,0.020764,0.156397,0.155549,35743.1,0.085,True
dachs-local,dachs,Q03,votable,4,1,1279,0.0,10.626,0.324947,0.588678,0.588141,36700.1,0.015,True
egernia-local,egernia,Q03,votable,4,2,12213,0.0,101.722,0.020388,0.155673,0.154617,35687.2,0.085,True
dachs-local,dachs,Q03,votable,4,2,1282,0.0,10.644,0.323282,0.588445,0.587944,36701.5,0.035,True
egernia-local,egernia,Q03,votable,4,3,12195,0.0,101.576,0.020451,0.155261,0.154438,35697.7,0.085,True
dachs-local,dachs,Q03,votable,4,3,1291,0.0,10.725,0.318539,0.590203,0.589715,36572.8,0.015,True
egernia-local,egernia,Q03,votable,8,1,16262,0.0,135.356,0.037872,0.190237,0.188649,35659.6,0.095,True
dachs-local,dachs,Q03,votable,8,1,1273,0.0,10.573,0.789461,0.956169,0.955641,36751.5,0.015,True
egernia-local,egernia,Q03,votable,8,2,16354,0.0,136.177,0.038104,0.189723,0.187877,35789.6,0.105,True
dachs-local,dachs,Q03,votable,8,2,1271,0.0,10.544,0.789623,0.943484,0.942887,36729.2,0.015,True
egernia-local,egernia,Q03,votable,8,3,16240,0.0,135.184,0.038102,0.191128,0.189268,35698.5,0.1,True
dachs-local,dachs,Q03,votable,8,3,1270,0.0,10.558,0.792182,0.949806,0.949338,36562.5,0.015,True
egernia-local,egernia,Q03,votable,16,1,15947,0.0,132.761,0.097961,0.255993,0.253063,35640.8,0.095,True
dachs-local,dachs,Q03,votable,16,1,1211,0.0,10.006,1.586493,1.945096,1.944583,36683.9,0.015,True
egernia-local,egernia,Q03,votable,16,2,16039,0.0,133.509,0.097803,0.255674,0.252977,35801.0,0.09,True
dachs-local,dachs,Q03,votable,16,2,1215,0.0,10.038,1.58059,1.90698,1.906436,36835.6,0.015,True
egernia-local,egernia,Q03,votable,16,3,15903,0.0,132.371,0.098774,0.256833,0.254127,35702.5,0.095,True
dachs-local,dachs,Q03,votable,16,3,1207,0.0,9.954,1.594139,1.881369,1.88086,36519.6,0.015,True
egernia-local,egernia,Q03,votable,32,1,15119,0.0,125.705,0.232902,0.395219,0.391924,35679.6,0.085,True
dachs-local,dachs,Q03,votable,32,1,1234,0.0,10.073,3.181467,3.398523,3.397944,36695.1,0.02,True
egernia-local,egernia,Q03,votable,32,2,15334,0.0,127.498,0.230126,0.389859,0.386939,35784.6,0.085,True
dachs-local,dachs,Q03,votable,32,2,1232,0.0,10.05,3.175092,3.387742,3.387249,36800.4,0.015,True
egernia-local,egernia,Q03,votable,32,3,15299,0.0,127.133,0.230252,0.391176,0.388323,35712.2,0.085,True
dachs-local,dachs,Q03,votable,32,3,1233,0.0,10.06,3.177667,3.380971,3.38037,36602.4,0.02,True
egernia-local,egernia,Q04,votable,1,1,5370,0.0,44.75,0.021668,0.026954,0.025905,81040.3,0.115,True
dachs-local,dachs,Q04,votable,1,1,1226,0.0,10.194,0.075553,0.318231,0.317748,76105.4,0.04,True
egernia-local,egernia,Q04,votable,1,2,5354,0.0,44.613,0.021727,0.027269,0.026215,81042.5,0.11,True
dachs-local,dachs,Q04,votable,1,2,1227,0.0,10.223,0.07561,0.319053,0.318594,76080.6,0.03,True
egernia-local,egernia,Q04,votable,1,3,5340,0.0,44.498,0.021754,0.027216,0.026218,81044.3,0.11,True
dachs-local,dachs,Q04,votable,1,3,1224,0.0,10.195,0.075875,0.31897,0.318281,76060.3,0.03,True
egernia-local,egernia,Q04,votable,4,1,13005,0.0,108.359,0.035864,0.048633,0.045518,81039.9,0.08,True
dachs-local,dachs,Q04,votable,4,1,1277,0.0,10.629,0.321356,0.580389,0.579897,76110.7,0.015,True
egernia-local,egernia,Q04,votable,4,2,12922,0.0,107.655,0.036096,0.049037,0.046256,81033.9,0.08,True
dachs-local,dachs,Q04,votable,4,2,1277,0.0,10.619,0.324554,0.579088,0.578565,76061.8,0.015,True
egernia-local,egernia,Q04,votable,4,3,13009,0.0,108.389,0.035886,0.048931,0.045812,81044.1,0.08,True
dachs-local,dachs,Q04,votable,4,3,1268,0.0,10.54,0.325357,0.580162,0.579677,76114.9,0.015,True
egernia-local,egernia,Q04,votable,8,1,15169,0.0,126.362,0.061743,0.08386,0.078117,81041.9,0.09,True
dachs-local,dachs,Q04,votable,8,1,1264,0.0,10.497,0.80109,0.945319,0.944736,76071.3,0.015,True
egernia-local,egernia,Q04,votable,8,2,15162,0.0,126.316,0.061689,0.083892,0.077952,81034.8,0.1,True
dachs-local,dachs,Q04,votable,8,2,1264,0.0,10.482,0.797509,0.944545,0.943649,76064.2,0.015,True
egernia-local,egernia,Q04,votable,8,3,15142,0.0,126.153,0.061803,0.084095,0.078193,81037.5,0.11,True
dachs-local,dachs,Q04,votable,8,3,1268,0.0,10.513,0.794466,0.937851,0.937239,76101.5,0.015,True
egernia-local,egernia,Q04,votable,16,1,15340,0.0,127.738,0.122598,0.159959,0.1489,81034.7,0.105,True
dachs-local,dachs,Q04,votable,16,1,1205,0.0,9.952,1.589605,1.991212,1.990683,76067.2,0.015,True
egernia-local,egernia,Q04,votable,16,2,15326,0.0,127.628,0.122664,0.161529,0.150132,81037.3,0.11,True
dachs-local,dachs,Q04,votable,16,2,1221,0.0,10.062,1.578611,1.910185,1.909723,76107.2,0.015,True
egernia-local,egernia,Q04,votable,16,3,15376,0.0,128.047,0.122026,0.160532,0.149546,81042.7,0.105,True
dachs-local,dachs,Q04,votable,16,3,1215,0.0,10.055,1.579239,1.916098,1.9156,76084.1,0.015,True
egernia-local,egernia,Q04,votable,32,1,14612,0.0,121.58,0.258355,0.317831,0.306134,81046.2,0.11,True
dachs-local,dachs,Q04,votable,32,1,1229,0.0,10.024,3.177922,3.413369,3.412917,76098.4,0.02,True
egernia-local,egernia,Q04,votable,32,2,14549,0.0,121.063,0.259283,0.32062,0.309181,81041.3,0.1,True
dachs-local,dachs,Q04,votable,32,2,1219,0.0,9.973,3.214384,3.440337,3.439612,76048.0,0.015,True
egernia-local,egernia,Q04,votable,32,3,14589,0.0,121.398,0.258745,0.318513,0.306099,81044.3,0.105,True
dachs-local,dachs,Q04,votable,32,3,1224,0.0,9.972,3.196128,3.433112,3.432673,76068.8,0.015,True
egernia-local,egernia,Q05,votable,1,1,11892,0.0,99.098,0.009539,0.01343,0.012815,6907.1,0.195,True
dachs-local,dachs,Q05,votable,1,1,210,0.0,1.749,0.550555,0.789151,0.788685,10022.2,0.01,True
egernia-local,egernia,Q05,votable,1,2,11917,0.0,99.297,0.00952,0.013549,0.012956,6909.3,0.19,True
dachs-local,dachs,Q05,votable,1,2,212,0.0,1.763,0.54553,0.782816,0.782319,10782.1,0.025,True
egernia-local,egernia,Q05,votable,1,3,11900,0.0,99.165,0.009535,0.013589,0.013007,6961.3,0.19,True
dachs-local,dachs,Q05,votable,1,3,213,0.0,1.767,0.54507,0.783015,0.782456,10921.5,0.01,True
egernia-local,egernia,Q05,votable,4,1,20739,0.0,172.795,0.022041,0.033436,0.031907,6953.4,0.12,True
dachs-local,dachs,Q05,votable,4,1,719,0.0,5.967,0.632606,0.895552,0.894813,10326.5,0.01,True
egernia-local,egernia,Q05,votable,4,2,20839,0.0,173.637,0.021917,0.033038,0.031317,6887.9,0.115,True
dachs-local,dachs,Q05,votable,4,2,730,0.0,6.056,0.62206,0.885105,0.884621,10595.4,0.035,True
egernia-local,egernia,Q05,votable,4,3,20880,0.0,173.985,0.021886,0.033283,0.031626,6915.9,0.12,True
dachs-local,dachs,Q05,votable,4,3,710,0.0,5.889,0.636306,0.909228,0.908738,10665.1,0.01,True
egernia-local,egernia,Q05,votable,8,1,20770,0.0,173.066,0.04457,0.065391,0.062295,6958.4,0.11,True
dachs-local,dachs,Q05,votable,8,1,930,0.0,7.711,0.976243,1.47075,1.470213,10431.1,0.015,True
egernia-local,egernia,Q05,votable,8,2,20750,0.0,172.872,0.044542,0.064842,0.061804,6886.2,0.11,True
dachs-local,dachs,Q05,votable,8,2,928,0.0,7.691,0.981438,1.505898,1.505449,10625.2,0.015,True
egernia-local,egernia,Q05,votable,8,3,20763,0.0,172.971,0.044462,0.065494,0.06219,6917.7,0.105,True
dachs-local,dachs,Q05,votable,8,3,935,0.0,7.752,0.974978,1.457951,1.45726,10671.2,0.01,True
egernia-local,egernia,Q05,votable,16,1,19667,0.0,163.793,0.094925,0.128359,0.122592,6984.6,0.105,True
dachs-local,dachs,Q05,votable,16,1,1079,0.0,8.889,1.771667,2.27583,2.275312,10593.8,0.015,True
egernia-local,egernia,Q05,votable,16,2,19692,0.0,164.03,0.094833,0.128545,0.122911,6875.5,0.105,True
dachs-local,dachs,Q05,votable,16,2,1024,0.0,8.451,1.808474,2.434191,2.433599,10655.9,0.015,True
egernia-local,egernia,Q05,votable,16,3,19583,0.0,163.143,0.095029,0.130229,0.124566,6908.5,0.1,True
dachs-local,dachs,Q05,votable,16,3,1046,0.0,8.632,1.818642,2.405588,2.405063,10688.2,0.015,True
egernia-local,egernia,Q05,votable,32,1,18690,0.0,155.578,0.200162,0.255738,0.249861,6980.0,0.105,True
dachs-local,dachs,Q05,votable,32,1,1076,0.0,8.733,3.621412,4.092285,4.091716,10600.8,0.02,True
egernia-local,egernia,Q05,votable,32,2,18582,0.0,154.67,0.201693,0.256281,0.250903,6877.6,0.11,True
dachs-local,dachs,Q05,votable,32,2,1070,0.0,8.678,3.628156,4.183199,4.182429,10723.8,0.02,True
egernia-local,egernia,Q05,votable,32,3,18360,0.0,152.85,0.203442,0.259195,0.253558,6910.4,0.1,True
dachs-local,dachs,Q05,votable,32,3,1055,0.0,8.63,3.709839,4.140517,4.140011,10599.6,0.015,True
egernia-local,egernia,Q06,votable,1,1,6528,0.0,54.393,0.018083,0.025021,0.023864,96705.4,0.13,True
dachs-local,dachs,Q06,votable,1,1,208,0.0,1.732,0.557291,0.795635,0.794923,91801.9,0.01,True
egernia-local,egernia,Q06,votable,1,2,6460,0.0,53.832,0.018218,0.025276,0.024101,95852.7,0.135,True
dachs-local,dachs,Q06,votable,1,2,209,0.0,1.738,0.558136,0.801974,0.801492,89898.4,0.01,True
egernia-local,egernia,Q06,votable,1,3,6441,0.0,53.674,0.018331,0.025267,0.024073,94863.7,0.14,True
dachs-local,dachs,Q06,votable,1,3,209,0.0,1.741,0.553134,0.801641,0.801132,82750.3,0.01,True
egernia-local,egernia,Q06,votable,4,1,14563,0.0,121.325,0.031845,0.047327,0.043839,96407.3,0.09,True
dachs-local,dachs,Q06,votable,4,1,702,0.0,5.826,0.648782,0.908306,0.907843,91021.0,0.01,True
egernia-local,egernia,Q06,votable,4,2,14968,0.0,124.714,0.030953,0.04606,0.042595,95795.7,0.095,True
dachs-local,dachs,Q06,votable,4,2,699,0.0,5.798,0.651306,0.925826,0.925207,90018.0,0.01,True
egernia-local,egernia,Q06,votable,4,3,14993,0.0,124.912,0.030907,0.046182,0.042675,95707.7,0.1,True
dachs-local,dachs,Q06,votable,4,3,700,0.0,5.807,0.647749,0.929241,0.928651,86361.4,0.015,True
egernia-local,egernia,Q06,votable,8,1,16215,0.0,135.056,0.057547,0.082146,0.075058,96654.4,0.095,True
dachs-local,dachs,Q06,votable,8,1,940,0.0,7.784,0.981125,1.460526,1.460043,90895.8,0.015,True
egernia-local,egernia,Q06,votable,8,2,16200,0.0,134.959,0.057637,0.08249,0.074892,95974.1,0.095,True
dachs-local,dachs,Q06,votable,8,2,924,0.0,7.645,0.996573,1.499522,1.498895,88585.0,0.015,True
egernia-local,egernia,Q06,votable,8,3,16215,0.0,135.091,0.057467,0.08254,0.075267,95527.7,0.1,True
dachs-local,dachs,Q06,votable,8,3,925,0.0,7.645,0.999454,1.44701,1.446601,87484.9,0.015,True
egernia-local,egernia,Q06,votable,16,1,15825,0.0,131.779,0.118693,0.160254,0.146665,96760.8,0.095,True
dachs-local,dachs,Q06,votable,16,1,1037,0.0,8.552,1.836502,2.436975,2.43619,90838.7,0.015,True
egernia-local,egernia,Q06,votable,16,2,15762,0.0,131.255,0.118998,0.160775,0.147382,95979.4,0.095,True
dachs-local,dachs,Q06,votable,16,2,1045,0.0,8.611,1.819953,2.377873,2.377432,89040.6,0.015,True
egernia-local,egernia,Q06,votable,16,3,15799,0.0,131.564,0.118828,0.160545,0.146556,95625.0,0.105,True
dachs-local,dachs,Q06,votable,16,3,1046,0.0,8.602,1.808828,2.419189,2.418659,87505.4,0.015,True
egernia-local,egernia,Q06,votable,32,1,14953,0.0,124.422,0.252714,0.315529,0.301934,96564.0,0.115,True
dachs-local,dachs,Q06,votable,32,1,1059,0.0,8.609,3.697575,4.072962,4.068475,90839.5,0.015,True
egernia-local,egernia,Q06,votable,32,2,15004,0.0,124.838,0.251407,0.314956,0.300663,95792.1,0.1,True
dachs-local,dachs,Q06,votable,32,2,1053,0.0,8.554,3.700676,4.28319,4.282483,88557.8,0.015,True
egernia-local,egernia,Q06,votable,32,3,14924,0.0,124.131,0.25337,0.315279,0.301096,95707.8,0.105,True
dachs-local,dachs,Q06,votable,32,3,1063,0.0,8.603,3.696099,4.122557,4.121917,87844.6,0.015,True
egernia-local,egernia,Q07,votable,1,1,9067,0.0,75.546,0.013073,0.018517,0.017925,28179.5,0.15,True
dachs-local,dachs,Q07,votable,1,1,209,0.0,1.738,0.554547,0.788855,0.788276,28003.1,0.01,True
egernia-local,egernia,Q07,votable,1,2,9054,0.0,75.443,0.01308,0.018498,0.017879,28474.2,0.155,True
dachs-local,dachs,Q07,votable,1,2,211,0.0,1.757,0.547953,0.79302,0.792517,30544.1,0.01,True
egernia-local,egernia,Q07,votable,1,3,9065,0.0,75.535,0.013084,0.018521,0.017895,28461.6,0.155,True
dachs-local,dachs,Q07,votable,1,3,211,0.0,1.751,0.553337,0.778933,0.778454,28875.4,0.01,True
egernia-local,egernia,Q07,votable,4,1,18458,0.0,153.79,0.02494,0.037838,0.035943,28303.8,0.105,True
dachs-local,dachs,Q07,votable,4,1,706,0.0,5.858,0.640387,0.922199,0.921688,29133.9,0.01,True
egernia-local,egernia,Q07,votable,4,2,18573,0.0,154.761,0.024775,0.037817,0.035958,28264.7,0.1,True
dachs-local,dachs,Q07,votable,4,2,701,0.0,5.808,0.649743,0.926382,0.925915,30477.9,0.01,True
egernia-local,egernia,Q07,votable,4,3,18718,0.0,155.959,0.024623,0.037566,0.0358,28469.1,0.1,True
dachs-local,dachs,Q07,votable,4,3,710,0.0,5.89,0.639495,0.924947,0.92446,28826.1,0.01,True
egernia-local,egernia,Q07,votable,8,1,19326,0.0,161.01,0.047963,0.070041,0.066516,28344.2,0.1,True
dachs-local,dachs,Q07,votable,8,1,926,0.0,7.676,0.990782,1.47493,1.474336,29638.6,0.015,True
egernia-local,egernia,Q07,votable,8,2,19434,0.0,161.898,0.047864,0.069606,0.066163,28241.6,0.1,True
dachs-local,dachs,Q07,votable,8,2,923,0.0,7.656,0.992104,1.480382,1.479914,29876.5,0.01,True
egernia-local,egernia,Q07,votable,8,3,19359,0.0,161.29,0.048026,0.069568,0.066323,28511.6,0.115,True
dachs-local,dachs,Q07,votable,8,3,925,0.0,7.675,0.997675,1.455506,1.454878,28872.6,0.01,True
egernia-local,egernia,Q07,votable,16,1,18530,0.0,154.35,0.10066,0.136977,0.130239,28293.8,0.115,True
dachs-local,dachs,Q07,votable,16,1,1013,0.0,8.352,1.886231,2.483113,2.482605,29716.8,0.015,True
egernia-local,egernia,Q07,votable,16,2,18507,0.0,154.147,0.100844,0.136669,0.13055,28260.2,0.115,True
dachs-local,dachs,Q07,votable,16,2,1012,0.0,8.321,1.892261,2.416584,2.416109,29596.7,0.015,True
egernia-local,egernia,Q07,votable,16,3,18527,0.0,154.297,0.100911,0.136496,0.130171,28520.5,0.115,True
dachs-local,dachs,Q07,votable,16,3,1015,0.0,8.368,1.887177,2.41656,2.416077,28823.0,0.015,True
egernia-local,egernia,Q07,votable,32,1,17517,0.0,145.796,0.214107,0.26975,0.263474,28293.1,0.115,True
dachs-local,dachs,Q07,votable,32,1,1032,0.0,8.39,3.791516,4.216483,4.215878,29552.8,0.02,True
egernia-local,egernia,Q07,votable,32,2,17581,0.0,146.347,0.213182,0.271517,0.264423,28325.1,0.11,True
dachs-local,dachs,Q07,votable,32,2,1017,0.0,8.273,3.848118,4.286057,4.285491,29504.0,0.015,True
egernia-local,egernia,Q07,votable,32,3,17443,0.0,145.214,0.215016,0.271434,0.264603,28534.4,0.115,True
dachs-local,dachs,Q07,votable,32,3,1021,0.0,8.28,3.831731,4.267667,4.267112,28853.3,0.015,True
egernia-local,egernia,Q10,votable,1,1,3411,0.0,28.42,0.034225,0.041645,0.0391,396234.8,0.11,True
dachs-local,dachs,Q10,votable,1,1,1086,0.0,9.046,0.087996,0.333562,0.332553,354284.9,0.035,True
egernia-local,egernia,Q10,votable,1,2,3438,0.0,28.644,0.033931,0.041538,0.038925,396271.7,0.095,True
dachs-local,dachs,Q10,votable,1,2,1088,0.0,9.055,0.088116,0.333081,0.331545,354566.9,0.035,True
egernia-local,egernia,Q10,votable,1,3,3412,0.0,28.427,0.034241,0.041949,0.039115,396351.8,0.105,True
dachs-local,dachs,Q10,votable,1,3,1085,0.0,9.042,0.088222,0.332566,0.331492,354641.3,0.035,True
egernia-local,egernia,Q10,votable,4,1,8410,0.0,70.057,0.056011,0.075098,0.066057,396288.0,0.09,True
dachs-local,dachs,Q10,votable,4,1,1156,0.0,9.61,0.361326,0.62902,0.625813,354514.4,0.015,True
egernia-local,egernia,Q10,votable,4,2,8362,0.0,69.66,0.056523,0.07509,0.066187,396275.7,0.08,True
dachs-local,dachs,Q10,votable,4,2,1133,0.0,9.402,0.366956,0.633867,0.631972,354534.6,0.015,True
egernia-local,egernia,Q10,votable,4,3,8397,0.0,69.946,0.056101,0.07558,0.066739,396412.1,0.075,True
dachs-local,dachs,Q10,votable,4,3,1143,0.0,9.513,0.366165,0.635996,0.631172,354270.4,0.015,True
egernia-local,egernia,Q10,votable,8,1,9669,0.0,80.536,0.097479,0.127315,0.107769,396287.8,0.09,True
dachs-local,dachs,Q10,votable,8,1,1149,0.0,9.532,0.872526,1.038327,1.031799,354474.6,0.015,True
egernia-local,egernia,Q10,votable,8,2,9748,0.0,81.19,0.096643,0.126156,0.105883,396288.7,0.085,True
dachs-local,dachs,Q10,votable,8,2,1155,0.0,9.598,0.862631,1.03019,1.027639,354431.5,0.015,True
egernia-local,egernia,Q10,votable,8,3,9724,0.0,81.001,0.09693,0.126172,0.10573,396384.4,0.09,True
dachs-local,dachs,Q10,votable,8,3,1147,0.0,9.527,0.875441,1.045565,1.044124,354230.9,0.015,True
egernia-local,egernia,Q10,votable,16,1,9779,0.0,81.409,0.1937,0.254483,0.205915,396290.4,0.09,True
dachs-local,dachs,Q10,votable,16,1,1133,0.0,9.348,1.692139,2.123016,2.11037,354458.0,0.015,True
egernia-local,egernia,Q10,votable,16,2,9764,0.0,81.284,0.19459,0.255421,0.204946,396288.7,0.09,True
dachs-local,dachs,Q10,votable,16,2,1128,0.0,9.299,1.7021,2.10804,2.106933,354572.2,0.015,True
egernia-local,egernia,Q10,votable,16,3,9725,0.0,80.964,0.194623,0.255491,0.205682,396385.8,0.09,True
dachs-local,dachs,Q10,votable,16,3,1126,0.0,9.285,1.698067,2.094091,2.093129,354245.0,0.015,True
egernia-local,egernia,Q10,votable,32,1,9422,0.0,78.32,0.403652,0.492227,0.432512,396291.8,0.09,True
dachs-local,dachs,Q10,votable,32,1,1149,0.0,9.339,3.422119,3.685213,3.68421,354488.2,0.02,True
egernia-local,egernia,Q10,votable,32,2,9409,0.0,78.192,0.405493,0.487929,0.430166,396287.1,0.09,True
dachs-local,dachs,Q10,votable,32,2,1148,0.0,9.341,3.417987,3.731273,3.725152,354480.9,0.02,True
egernia-local,egernia,Q10,votable,32,3,9449,0.0,78.572,0.403064,0.487619,0.430257,396392.5,0.085,True
dachs-local,dachs,Q10,votable,32,3,1135,0.0,9.251,3.451131,3.760369,3.751914,354274.2,0.025,True
egernia-local,egernia,Q11,votable,1,1,481,0.0,4.001,0.245645,0.276002,0.255398,3957078.3,0.08,True
dachs-local,dachs,Q11,votable,1,1,426,0.0,3.549,0.258674,0.505919,0.479586,3496435.5,0.04,True
egernia-local,egernia,Q11,votable,1,2,479,0.0,3.99,0.245113,0.274581,0.25679,3954289.6,0.075,True
dachs-local,dachs,Q11,votable,1,2,426,0.0,3.544,0.259478,0.506231,0.479825,3494893.8,0.04,True
egernia-local,egernia,Q11,votable,1,3,481,0.0,4.007,0.245126,0.275756,0.256643,3956396.2,0.075,True
dachs-local,dachs,Q11,votable,1,3,426,0.0,3.548,0.259196,0.503686,0.477057,3495649.4,0.04,True
egernia-local,egernia,Q11,votable,4,1,1312,0.0,10.91,0.363499,0.446427,0.385055,3956760.7,0.06,True
dachs-local,dachs,Q11,votable,4,1,497,0.0,4.14,0.95689,1.246133,1.162377,3496246.2,0.02,True
egernia-local,egernia,Q11,votable,4,2,1317,0.0,10.963,0.359727,0.45653,0.386494,3956843.6,0.06,True
dachs-local,dachs,Q11,votable,4,2,499,0.0,4.153,0.944543,1.199961,1.134127,3496376.5,0.02,True
egernia-local,egernia,Q11,votable,4,3,1346,0.0,11.188,0.352328,0.438615,0.371873,3957855.6,0.065,True
dachs-local,dachs,Q11,votable,4,3,501,0.0,4.165,0.941611,1.226065,1.156138,3498110.9,0.02,True
egernia-local,egernia,Q11,votable,8,1,1692,0.0,14.062,0.564553,0.681378,0.49337,3956879.1,0.08,True
dachs-local,dachs,Q11,votable,8,1,508,0.0,4.202,2.054857,2.439628,2.25001,3495932.8,0.02,True
egernia-local,egernia,Q11,votable,8,2,1693,0.0,14.077,0.562339,0.676421,0.49666,3957100.8,0.075,True
dachs-local,dachs,Q11,votable,8,2,498,0.0,4.132,2.054653,2.487536,2.332758,3496845.2,0.02,True
egernia-local,egernia,Q11,votable,8,3,1678,0.0,13.938,0.568621,0.682363,0.521593,3956973.9,0.08,True
dachs-local,dachs,Q11,votable,8,3,504,0.0,4.158,2.057442,2.483927,2.29465,3497921.1,0.02,True
egernia-local,egernia,Q11,votable,16,1,1808,0.0,15.0,1.058711,1.26575,0.696684,3956990.6,0.09,True
dachs-local,dachs,Q11,votable,16,1,521,0.0,4.326,3.942147,5.050377,4.51135,3495403.1,0.025,True
egernia-local,egernia,Q11,votable,16,2,1808,0.0,15.017,1.060024,1.238365,0.67647,3956868.5,0.085,True
dachs-local,dachs,Q11,votable,16,2,527,0.0,4.346,3.807081,5.36892,4.687249,3496305.3,0.025,True
egernia-local,egernia,Q11,votable,16,3,1811,0.0,15.019,1.060504,1.232648,0.672915,3956743.1,0.09,True
dachs-local,dachs,Q11,votable,16,3,527,0.0,4.324,3.840034,5.581498,4.79561,3497807.1,0.03,True
egernia-local,egernia,Q11,votable,32,1,1795,0.0,14.821,2.15363,2.496925,1.496464,3956859.4,0.085,True
dachs-local,dachs,Q11,votable,32,1,536,0.0,4.386,7.84327,10.965952,9.378702,3496050.1,0.04,True
egernia-local,egernia,Q11,votable,32,2,1800,0.0,14.844,2.143594,2.508934,1.51342,3956810.9,0.1,True
dachs-local,dachs,Q11,votable,32,2,538,0.0,4.336,7.434458,12.009584,9.426139,3497024.8,0.04,True
egernia-local,egernia,Q11,votable,32,3,1796,0.0,14.822,2.157257,2.483657,1.480246,3956643.9,0.11,True
dachs-local,dachs,Q11,votable,32,3,536,0.0,4.351,7.389571,12.127703,9.532663,3498156.0,0.045,True
egernia-local,egernia,Q12,votable,1,1,12546,0.0,104.548,0.009007,0.012675,0.012054,1943.0,0.205,True
dachs-local,dachs,Q12,votable,1,1,211,0.0,1.751,0.550723,0.784839,0.784343,6302.8,0.01,True
egernia-local,egernia,Q12,votable,1,2,12574,0.0,104.782,0.008974,0.012818,0.012164,1943.0,0.2,True
dachs-local,dachs,Q12,votable,1,2,212,0.0,1.758,0.544705,0.795239,0.794727,6302.1,0.01,True
egernia-local,egernia,Q12,votable,1,3,12559,0.0,104.656,0.008982,0.012617,0.01204,1943.0,0.2,True
dachs-local,dachs,Q12,votable,1,3,213,0.0,1.767,0.543654,0.78903,0.788537,6302.6,0.02,True
egernia-local,egernia,Q12,votable,4,1,21391,0.0,178.246,0.021344,0.032305,0.030538,1943.0,0.11,True
dachs-local,dachs,Q12,votable,4,1,708,0.0,5.875,0.640626,0.915961,0.915435,6302.3,0.01,True
egernia-local,egernia,Q12,votable,4,2,21330,0.0,177.708,0.021412,0.032642,0.030846,1943.0,0.11,True
dachs-local,dachs,Q12,votable,4,2,719,0.0,5.963,0.631292,0.891661,0.891246,6302.2,0.01,True
egernia-local,egernia,Q12,votable,4,3,21461,0.0,178.831,0.021283,0.0322,0.030549,1943.0,0.115,True
dachs-local,dachs,Q12,votable,4,3,709,0.0,5.896,0.636738,0.923346,0.922743,6302.4,0.01,True
egernia-local,egernia,Q12,votable,8,1,21189,0.0,176.555,0.043602,0.063888,0.060808,1943.0,0.105,True
dachs-local,dachs,Q12,votable,8,1,964,0.0,7.995,0.946637,1.418237,1.417638,6302.3,0.01,True
egernia-local,egernia,Q12,votable,8,2,21152,0.0,176.221,0.043692,0.063743,0.06078,1943.0,0.11,True
dachs-local,dachs,Q12,votable,8,2,939,0.0,7.771,0.985409,1.459576,1.458837,6302.2,0.015,True
egernia-local,egernia,Q12,votable,8,3,21209,0.0,176.68,0.043613,0.063792,0.060557,1943.0,0.11,True
dachs-local,dachs,Q12,votable,8,3,941,0.0,7.792,0.967097,1.472009,1.47152,6302.4,0.01,True
egernia-local,egernia,Q12,votable,16,1,20090,0.0,167.359,0.093054,0.12551,0.119755,1943.0,0.11,True
dachs-local,dachs,Q12,votable,16,1,1067,0.0,8.816,1.781312,2.350979,2.35039,6302.3,0.015,True
egernia-local,egernia,Q12,votable,16,2,20158,0.0,167.913,0.092327,0.126107,0.120792,1943.0,0.1,True
dachs-local,dachs,Q12,votable,16,2,1061,0.0,8.773,1.768665,2.416397,2.415783,6302.2,0.015,True
egernia-local,egernia,Q12,votable,16,3,20075,0.0,167.226,0.092893,0.12655,0.120926,1943.0,0.1,True
dachs-local,dachs,Q12,votable,16,3,1071,0.0,8.809,1.792864,2.285034,2.284541,6302.4,0.015,True
egernia-local,egernia,Q12,votable,32,1,19010,0.0,158.231,0.196698,0.24954,0.243858,1943.0,0.1,True
dachs-local,dachs,Q12,votable,32,1,1077,0.0,8.772,3.613658,4.102285,4.101728,6302.3,0.015,True
egernia-local,egernia,Q12,votable,32,2,18983,0.0,158.035,0.19732,0.251193,0.245424,1943.0,0.1,True
dachs-local,dachs,Q12,votable,32,2,1092,0.0,8.858,3.569842,4.116107,4.115535,6302.3,0.02,True
egernia-local,egernia,Q12,votable,32,3,18944,0.0,157.719,0.197593,0.249392,0.244026,1943.0,0.1,True
dachs-local,dachs,Q12,votable,32,3,1091,0.0,8.893,3.59387,3.990477,3.989985,6302.4,0.015,True
egernia-local,egernia,Q13,votable,1,1,493,0.0,4.104,0.24157,0.332862,0.332385,4629.1,0.015,True
dachs-local,dachs,Q13,votable,1,1,355,0.0,2.955,0.355888,0.59173,0.591139,5751.0,0.015,True
egernia-local,egernia,Q13,votable,1,2,495,0.0,4.123,0.240467,0.330829,0.330259,4629.8,0.015,True
dachs-local,dachs,Q13,votable,1,2,362,0.0,3.003,0.359239,0.568283,0.5678,5751.0,0.015,True
egernia-local,egernia,Q13,votable,1,3,497,0.0,4.141,0.238958,0.332827,0.332252,4628.5,0.015,True
dachs-local,dachs,Q13,votable,1,3,367,0.0,3.056,0.352718,0.555528,0.555027,5751.0,0.015,True
egernia-local,egernia,Q13,votable,4,1,1123,0.0,9.342,0.426868,0.572773,0.572147,4628.5,0.015,True
dachs-local,dachs,Q13,votable,4,1,988,0.0,8.212,0.474197,0.777102,0.77662,5751.0,0.015,True
egernia-local,egernia,Q13,votable,4,2,1136,0.0,9.448,0.419942,0.565565,0.564954,4628.3,0.015,True
dachs-local,dachs,Q13,votable,4,2,1016,0.0,8.445,0.471049,0.756673,0.756137,5751.0,0.015,True
egernia-local,egernia,Q13,votable,4,3,1147,0.0,9.533,0.413185,0.572739,0.572247,4627.6,0.015,True
dachs-local,dachs,Q13,votable,4,3,1022,0.0,8.487,0.478398,0.753711,0.753267,5751.0,0.015,True
egernia-local,egernia,Q13,votable,8,1,1161,0.0,9.621,0.831865,1.122265,1.12178,4628.5,0.015,True
dachs-local,dachs,Q13,votable,8,1,1209,0.0,10.036,0.782152,1.181744,1.181191,5751.0,0.015,True
egernia-local,egernia,Q13,votable,8,2,1167,0.0,9.685,0.814739,1.117264,1.11668,4628.2,0.015,True
dachs-local,dachs,Q13,votable,8,2,1196,0.0,9.93,0.795603,1.189742,1.189242,5751.0,0.015,True
egernia-local,egernia,Q13,votable,8,3,1173,0.0,9.743,0.809848,1.114293,1.113492,4627.5,0.015,True
dachs-local,dachs,Q13,votable,8,3,1209,0.0,10.034,0.778235,1.180295,1.179798,5751.0,0.015,True
egernia-local,egernia,Q13,votable,16,1,1169,0.0,9.648,1.657975,1.992345,1.99101,4628.4,0.015,True
dachs-local,dachs,Q13,votable,16,1,1199,0.0,9.907,1.597634,2.197083,2.196553,5751.0,0.015,True
egernia-local,egernia,Q13,votable,16,2,1176,0.0,9.672,1.646335,1.993687,1.993156,4628.0,0.015,True
dachs-local,dachs,Q13,votable,16,2,1199,0.0,9.884,1.592109,2.149554,2.149053,5751.0,0.015,True
egernia-local,egernia,Q13,votable,16,3,1181,0.0,9.715,1.623712,2.002859,2.001759,4627.8,0.015,True
dachs-local,dachs,Q13,votable,16,3,1178,0.0,9.724,1.634374,2.194561,2.19404,5751.0,0.015,True
egernia-local,egernia,Q13,votable,32,1,1185,0.0,9.625,3.302952,3.724386,3.723712,4628.4,0.015,True
dachs-local,dachs,Q13,votable,32,1,1212,0.0,9.901,3.24167,3.593249,3.592679,5751.0,0.02,True
egernia-local,egernia,Q13,votable,32,2,1191,0.0,9.674,3.304504,3.697117,3.696197,4628.0,0.02,True
dachs-local,dachs,Q13,votable,32,2,1236,0.0,10.095,3.183611,3.526801,3.526299,5751.0,0.015,True
egernia-local,egernia,Q13,votable,32,3,1192,0.0,9.679,3.283106,3.710916,3.710368,4627.8,0.02,True
dachs-local,dachs,Q13,votable,32,3,1220,0.0,9.989,3.200154,3.580926,3.580517,5751.0,0.02,True
egernia-local,egernia,mix,csv,1,1,6782,0.0,56.514,0.013609,0.032478,0.031111,43276.6,0.135,True
dachs-local,dachs,mix,csv,1,1,349,0.0,2.898,0.398186,0.58739,0.586917,36481.9,0.015,True
egernia-local,egernia,mix,csv,1,2,6665,0.0,55.534,0.013625,0.032459,0.0313,41806.2,0.14,True
dachs-local,dachs,mix,csv,1,2,356,0.0,2.961,0.329039,0.64882,0.648346,38879.1,0.015,True
egernia-local,egernia,mix,csv,1,3,6773,0.0,56.405,0.013662,0.032574,0.03125,43325.6,0.13,True
dachs-local,dachs,mix,csv,1,3,375,0.0,3.114,0.311741,0.577592,0.57707,49025.4,0.02,True
egernia-local,egernia,mix,csv,4,1,16483,0.0,137.335,0.024327,0.050451,0.046951,43235.2,0.105,True
dachs-local,dachs,mix,csv,4,1,1035,0.0,8.56,0.511742,0.927186,0.926693,42523.2,0.035,True
egernia-local,egernia,mix,csv,4,2,16541,0.0,137.82,0.023913,0.050793,0.047596,42836.1,0.11,True
dachs-local,dachs,mix,csv,4,2,1035,0.0,8.578,0.513882,0.908741,0.908251,42356.4,0.015,True
egernia-local,egernia,mix,csv,4,3,16640,0.0,138.642,0.023917,0.049912,0.046534,42751.5,0.1,True
dachs-local,dachs,mix,csv,4,3,1036,0.0,8.599,0.500979,0.933335,0.932759,41780.4,0.02,True
egernia-local,egernia,mix,csv,8,1,17954,0.0,149.441,0.048509,0.083865,0.077111,43078.3,0.105,True
dachs-local,dachs,mix,csv,8,1,1203,0.0,9.959,0.806709,1.269894,1.269396,42396.8,0.035,True
egernia-local,egernia,mix,csv,8,2,17925,0.0,149.333,0.048036,0.084923,0.078337,42904.1,0.1,True
dachs-local,dachs,mix,csv,8,2,1187,0.0,9.827,0.831864,1.292308,1.291682,41093.1,0.015,True
egernia-local,egernia,mix,csv,8,3,17961,0.0,149.626,0.048174,0.08468,0.078265,42714.2,0.1,True
dachs-local,dachs,mix,csv,8,3,1196,0.0,9.917,0.791816,1.335192,1.33467,42792.7,0.015,True
egernia-local,egernia,mix,csv,16,1,17388,0.0,144.763,0.104355,0.158258,0.146336,42979.2,0.095,True
dachs-local,dachs,mix,csv,16,1,1146,0.0,9.437,1.671973,2.255685,2.25516,42822.4,0.015,True
egernia-local,egernia,mix,csv,16,2,17359,0.0,144.437,0.104487,0.160356,0.148246,42821.7,0.1,True
dachs-local,dachs,mix,csv,16,2,1119,0.0,9.196,1.706077,2.336946,2.335851,40995.4,0.015,True
egernia-local,egernia,mix,csv,16,3,17373,0.0,144.606,0.104432,0.15966,0.147985,42829.7,0.1,True
dachs-local,dachs,mix,csv,16,3,1154,0.0,9.483,1.653417,2.244096,2.243632,43273.1,0.02,True
egernia-local,egernia,mix,csv,32,1,16392,0.0,136.34,0.226951,0.319175,0.311397,43293.3,0.095,True
dachs-local,dachs,mix,csv,32,1,1165,0.0,9.514,3.347849,3.924952,3.92444,42433.2,0.015,True
egernia-local,egernia,mix,csv,32,2,16375,0.0,136.294,0.226854,0.319426,0.311289,42810.6,0.095,True
dachs-local,dachs,mix,csv,32,2,1157,0.0,9.413,3.381982,3.986153,3.985523,40725.7,0.015,True
egernia-local,egernia,mix,csv,32,3,16422,0.0,136.626,0.226579,0.3168,0.306135,42814.3,0.09,True
dachs-local,dachs,mix,csv,32,3,1164,0.0,9.506,3.362669,3.882154,3.881691,43391.1,0.015,True
egernia-local,egernia,Q01,csv,1,1,19677,0.0,163.967,0.005632,0.008061,0.007491,1835.0,0.295,True
dachs-local,dachs,Q01,csv,1,1,2126,0.0,17.688,0.034591,0.270423,0.269899,978.0,0.045,True
egernia-local,egernia,Q01,csv,1,2,19649,0.0,163.729,0.00563,0.008186,0.007635,1835.0,0.295,True
dachs-local,dachs,Q01,csv,1,2,2117,0.0,17.621,0.034707,0.27181,0.271313,978.0,0.04,True
egernia-local,egernia,Q01,csv,1,3,19619,0.0,163.491,0.005644,0.008221,0.007658,1835.0,0.305,True
dachs-local,dachs,Q01,csv,1,3,2123,0.0,17.687,0.034591,0.271526,0.271047,978.0,0.04,True
egernia-local,egernia,Q01,csv,4,1,24013,0.0,200.086,0.01894,0.028866,0.027165,1835.0,0.125,True
dachs-local,dachs,Q01,csv,4,1,1856,0.0,15.444,0.202994,0.448877,0.448361,978.0,0.04,True
egernia-local,egernia,Q01,csv,4,2,23944,0.0,199.514,0.018985,0.029019,0.027408,1835.0,0.13,True
dachs-local,dachs,Q01,csv,4,2,1847,0.0,15.382,0.205289,0.450659,0.450196,978.0,0.015,True
egernia-local,egernia,Q01,csv,4,3,24060,0.0,200.484,0.018936,0.028736,0.027164,1835.0,0.125,True
dachs-local,dachs,Q01,csv,4,3,1860,0.0,15.479,0.198615,0.450859,0.450333,978.0,0.02,True
egernia-local,egernia,Q01,csv,8,1,22855,0.0,190.423,0.040332,0.05988,0.056789,1835.0,0.12,True
dachs-local,dachs,Q01,csv,8,1,1773,0.0,14.732,0.587966,0.677228,0.676726,978.0,0.02,True
egernia-local,egernia,Q01,csv,8,2,22945,0.0,191.174,0.040155,0.059509,0.056413,1835.0,0.12,True
dachs-local,dachs,Q01,csv,8,2,1771,0.0,14.729,0.58685,0.680372,0.679808,978.0,0.015,True
egernia-local,egernia,Q01,csv,8,3,22847,0.0,190.327,0.040342,0.059661,0.05651,1835.0,0.12,True
dachs-local,dachs,Q01,csv,8,3,1773,0.0,14.707,0.586142,0.681351,0.680824,978.0,0.015,True
egernia-local,egernia,Q01,csv,16,1,22154,0.0,184.538,0.08406,0.114019,0.108727,1835.0,0.12,True
dachs-local,dachs,Q01,csv,16,1,1635,0.0,13.544,1.167251,1.419884,1.419404,978.0,0.02,True
egernia-local,egernia,Q01,csv,16,2,22061,0.0,183.773,0.084325,0.115332,0.109799,1835.0,0.115,True
dachs-local,dachs,Q01,csv,16,2,1644,0.0,13.608,1.159738,1.410841,1.410392,978.0,0.015,True
egernia-local,egernia,Q01,csv,16,3,22080,0.0,183.923,0.084431,0.115723,0.110044,1835.0,0.115,True
dachs-local,dachs,Q01,csv,16,3,1632,0.0,13.517,1.16326,1.416909,1.416358,978.0,0.02,True
egernia-local,egernia,Q01,csv,32,1,20815,0.0,173.312,0.179439,0.228041,0.222424,1835.0,0.115,True
dachs-local,dachs,Q01,csv,32,1,1647,0.0,13.532,2.372597,2.534424,2.533865,978.0,0.02,True
egernia-local,egernia,Q01,csv,32,2,20796,0.0,173.135,0.17932,0.23101,0.225191,1835.0,0.115,True
dachs-local,dachs,Q01,csv,32,2,1646,0.0,13.547,2.373957,2.544224,2.543742,978.0,0.02,True
egernia-local,egernia,Q01,csv,32,3,20815,0.0,173.296,0.179518,0.228772,0.223156,1835.0,0.11,True
dachs-local,dachs,Q01,csv,32,3,1646,0.0,13.54,2.378119,2.527233,2.526802,978.0,0.02,True
egernia-local,egernia,Q02,csv,1,1,7739,0.0,64.491,0.014479,0.023029,0.022336,38405.0,0.14,True
dachs-local,dachs,Q02,csv,1,1,628,0.0,5.223,0.168225,0.408025,0.407504,37444.1,0.02,True
egernia-local,egernia,Q02,csv,1,2,7725,0.0,64.371,0.014526,0.023371,0.022629,38413.5,0.14,True
dachs-local,dachs,Q02,csv,1,2,627,0.0,5.222,0.168749,0.406564,0.406101,37437.8,0.02,True
egernia-local,egernia,Q02,csv,1,3,7735,0.0,64.452,0.014471,0.023849,0.023093,38401.9,0.13,True
dachs-local,dachs,Q02,csv,1,3,625,0.0,5.204,0.169582,0.4074,0.406879,37410.4,0.02,True
egernia-local,egernia,Q02,csv,4,1,16537,0.0,137.786,0.027554,0.042193,0.04067,38404.9,0.095,True
dachs-local,dachs,Q02,csv,4,1,1240,0.0,10.307,0.356667,0.592866,0.59237,37433.7,0.035,True
egernia-local,egernia,Q02,csv,4,2,16382,0.0,136.496,0.02799,0.042456,0.04094,38408.0,0.1,True
dachs-local,dachs,Q02,csv,4,2,1234,0.0,10.261,0.361476,0.602656,0.602098,37424.0,0.04,True
egernia-local,egernia,Q02,csv,4,3,16449,0.0,137.053,0.027859,0.042057,0.040645,38409.8,0.105,True
dachs-local,dachs,Q02,csv,4,3,1250,0.0,10.403,0.35628,0.606512,0.605988,37419.9,0.015,True
egernia-local,egernia,Q02,csv,8,1,18102,0.0,150.815,0.051295,0.073568,0.070414,38405.0,0.095,True
dachs-local,dachs,Q02,csv,8,1,1216,0.0,10.101,0.803846,1.009812,1.009286,37431.9,0.015,True
egernia-local,egernia,Q02,csv,8,2,18122,0.0,150.951,0.051223,0.0736,0.070585,38407.7,0.095,True
dachs-local,dachs,Q02,csv,8,2,1206,0.0,9.999,0.808388,1.029866,1.02928,37426.8,0.015,True
egernia-local,egernia,Q02,csv,8,3,18089,0.0,150.686,0.051315,0.073347,0.07045,38408.6,0.095,True
dachs-local,dachs,Q02,csv,8,3,1206,0.0,9.99,0.803654,1.034577,1.03408,37422.5,0.015,True
egernia-local,egernia,Q02,csv,16,1,17624,0.0,146.79,0.10609,0.143347,0.137766,38404.7,0.095,True
dachs-local,dachs,Q02,csv,16,1,1165,0.0,9.619,1.648171,2.018579,2.017935,37430.4,0.015,True
egernia-local,egernia,Q02,csv,16,2,17689,0.0,147.324,0.105571,0.142245,0.136824,38407.8,0.095,True
dachs-local,dachs,Q02,csv,16,2,1170,0.0,9.652,1.646249,1.989858,1.989128,37429.3,0.02,True
egernia-local,egernia,Q02,csv,16,3,17585,0.0,146.448,0.106505,0.143146,0.137523,38408.6,0.095,True
dachs-local,dachs,Q02,csv,16,3,1166,0.0,9.644,1.658999,1.956494,1.956049,37422.7,0.015,True
egernia-local,egernia,Q02,csv,32,1,16645,0.0,138.534,0.225849,0.285217,0.278384,38405.5,0.09,True
dachs-local,dachs,Q02,csv,32,1,1184,0.0,9.694,3.305485,3.570881,3.570354,37430.1,0.02,True
egernia-local,egernia,Q02,csv,32,2,16631,0.0,138.347,0.226458,0.284102,0.278715,38407.2,0.095,True
dachs-local,dachs,Q02,csv,32,2,1183,0.0,9.658,3.306788,3.556835,3.556208,37425.9,0.02,True
egernia-local,egernia,Q02,csv,32,3,16674,0.0,138.779,0.225266,0.28486,0.279363,38409.5,0.095,True
dachs-local,dachs,Q02,csv,32,3,1178,0.0,9.593,3.332803,3.660396,3.659906,37421.3,0.02,True
egernia-local,egernia,Q03,csv,1,1,4072,0.0,33.932,0.012558,0.127284,0.126768,25617.1,0.085,True
dachs-local,dachs,Q03,csv,1,1,1213,0.0,10.104,0.067853,0.314426,0.313935,25491.4,0.03,True
egernia-local,egernia,Q03,csv,1,2,4113,0.0,34.272,0.012669,0.126818,0.126322,25699.8,0.09,True
dachs-local,dachs,Q03,csv,1,2,1189,0.0,9.896,0.068385,0.313658,0.313195,24787.8,0.03,True
egernia-local,egernia,Q03,csv,1,3,4061,0.0,33.819,0.012636,0.12722,0.126689,25606.5,0.08,True
dachs-local,dachs,Q03,csv,1,3,1194,0.0,9.947,0.068035,0.31471,0.314233,24783.6,0.03,True
egernia-local,egernia,Q03,csv,4,1,12119,0.0,100.985,0.020227,0.158491,0.157519,25676.3,0.085,True
dachs-local,dachs,Q03,csv,4,1,1326,0.0,11.03,0.310731,0.583846,0.583343,25521.7,0.015,True
egernia-local,egernia,Q03,csv,4,2,12272,0.0,102.149,0.019831,0.157523,0.15669,25662.1,0.08,True
dachs-local,dachs,Q03,csv,4,2,1322,0.0,10.99,0.308291,0.57864,0.578051,25552.6,0.03,True
egernia-local,egernia,Q03,csv,4,3,12290,0.0,102.272,0.019736,0.157523,0.15683,25667.0,0.09,True
dachs-local,dachs,Q03,csv,4,3,1262,0.0,10.5,0.315463,0.59266,0.592154,25417.4,0.035,True
egernia-local,egernia,Q03,csv,8,1,16450,0.0,136.955,0.036777,0.192375,0.190751,25639.7,0.105,True
dachs-local,dachs,Q03,csv,8,1,1285,0.0,10.684,0.780464,0.937667,0.93704,25484.3,0.015,True
egernia-local,egernia,Q03,csv,8,2,16503,0.0,137.396,0.036999,0.192253,0.190582,25733.0,0.095,True
dachs-local,dachs,Q03,csv,8,2,1286,0.0,10.684,0.783048,0.935173,0.934693,25520.1,0.015,True
egernia-local,egernia,Q03,csv,8,3,16489,0.0,137.258,0.036726,0.192396,0.190917,25658.0,0.095,True
dachs-local,dachs,Q03,csv,8,3,1282,0.0,10.644,0.783574,0.929782,0.929154,25388.1,0.015,True
egernia-local,egernia,Q03,csv,16,1,16074,0.0,133.8,0.096302,0.258476,0.255765,25617.9,0.085,True
dachs-local,dachs,Q03,csv,16,1,1232,0.0,10.174,1.558767,1.88165,1.88103,25514.1,0.015,True
egernia-local,egernia,Q03,csv,16,2,16190,0.0,134.794,0.096234,0.256585,0.254063,25720.4,0.09,True
dachs-local,dachs,Q03,csv,16,2,1233,0.0,10.165,1.563954,1.880036,1.879551,25622.6,0.015,True
egernia-local,egernia,Q03,csv,16,3,16086,0.0,133.786,0.096672,0.2582,0.255335,25655.1,0.09,True
dachs-local,dachs,Q03,csv,16,3,1229,0.0,10.157,1.565156,1.90054,1.900024,25479.8,0.015,True
egernia-local,egernia,Q03,csv,32,1,15423,0.0,128.219,0.226617,0.391818,0.389301,25633.2,0.085,True
dachs-local,dachs,Q03,csv,32,1,1241,0.0,10.133,3.163566,3.397764,3.397219,25512.3,0.015,True
egernia-local,egernia,Q03,csv,32,2,15471,0.0,128.587,0.226874,0.388347,0.385593,25729.3,0.085,True
dachs-local,dachs,Q03,csv,32,2,1251,0.0,10.228,3.125437,3.33719,3.336717,25551.9,0.02,True
egernia-local,egernia,Q03,csv,32,3,15412,0.0,128.191,0.22688,0.392033,0.388673,25658.9,0.085,True
dachs-local,dachs,Q03,csv,32,3,1245,0.0,10.182,3.149004,3.369834,3.36928,25437.4,0.02,True
egernia-local,egernia,Q04,csv,1,1,5533,0.0,46.102,0.021015,0.026387,0.025698,60002.5,0.11,True
dachs-local,dachs,Q04,csv,1,1,1269,0.0,10.572,0.072187,0.314069,0.313471,58466.3,0.04,True
egernia-local,egernia,Q04,csv,1,2,5510,0.0,45.912,0.021124,0.026376,0.025774,60013.2,0.1,True
dachs-local,dachs,Q04,csv,1,2,1267,0.0,10.555,0.072555,0.315839,0.315364,58488.3,0.03,True
egernia-local,egernia,Q04,csv,1,3,5523,0.0,46.025,0.021052,0.026548,0.02584,60021.9,0.11,True
dachs-local,dachs,Q04,csv,1,3,1264,0.0,10.532,0.072663,0.315454,0.314964,58492.4,0.03,True
egernia-local,egernia,Q04,csv,4,1,13529,0.0,112.731,0.034466,0.047004,0.045178,60021.3,0.08,True
dachs-local,dachs,Q04,csv,4,1,1298,0.0,10.793,0.318524,0.578848,0.57824,58477.8,0.015,True
egernia-local,egernia,Q04,csv,4,2,13514,0.0,112.584,0.034427,0.046998,0.045331,60023.4,0.08,True
dachs-local,dachs,Q04,csv,4,2,1312,0.0,10.922,0.315545,0.57493,0.574447,58472.2,0.015,True
egernia-local,egernia,Q04,csv,4,3,13581,0.0,113.147,0.034349,0.046661,0.044869,60017.6,0.075,True
dachs-local,dachs,Q04,csv,4,3,1305,0.0,10.863,0.319956,0.577431,0.576964,58471.7,0.015,True
egernia-local,egernia,Q04,csv,8,1,15757,0.0,131.29,0.05947,0.081106,0.077943,60019.8,0.085,True
dachs-local,dachs,Q04,csv,8,1,1260,0.0,10.442,0.792151,0.958136,0.957567,58478.3,0.015,True
egernia-local,egernia,Q04,csv,8,2,15797,0.0,131.601,0.059285,0.08035,0.077472,60021.0,0.1,True
dachs-local,dachs,Q04,csv,8,2,1274,0.0,10.572,0.790971,0.936793,0.936262,58438.7,0.02,True
egernia-local,egernia,Q04,csv,8,3,15835,0.0,131.907,0.059046,0.080898,0.077718,60015.7,0.095,True
dachs-local,dachs,Q04,csv,8,3,1280,0.0,10.6,0.786108,0.933299,0.932788,58486.5,0.015,True
egernia-local,egernia,Q04,csv,16,1,16098,0.0,134.072,0.116554,0.152995,0.147633,60010.4,0.098,True
dachs-local,dachs,Q04,csv,16,1,1223,0.0,10.114,1.576303,1.889808,1.889318,58455.4,0.015,True
egernia-local,egernia,Q04,csv,16,2,16036,0.0,133.547,0.116957,0.152976,0.147246,60016.0,0.1,True
dachs-local,dachs,Q04,csv,16,2,1220,0.0,10.074,1.569544,1.938999,1.938537,58454.1,0.015,True
egernia-local,egernia,Q04,csv,16,3,16103,0.0,134.096,0.116595,0.153104,0.147666,60025.2,0.1,True
dachs-local,dachs,Q04,csv,16,3,1224,0.0,10.097,1.571111,1.880756,1.880266,58482.8,0.015,True
egernia-local,egernia,Q04,csv,32,1,15179,0.0,126.284,0.248621,0.306209,0.300511,60006.3,0.095,True
dachs-local,dachs,Q04,csv,32,1,1236,0.0,10.061,3.171409,3.388853,3.388346,58471.8,0.02,True
egernia-local,egernia,Q04,csv,32,2,15208,0.0,126.565,0.248362,0.306151,0.300464,60008.3,0.11,True
dachs-local,dachs,Q04,csv,32,2,1240,0.0,10.133,3.161825,3.372153,3.371543,58472.3,0.02,True
egernia-local,egernia,Q04,csv,32,3,15170,0.0,126.248,0.248525,0.307626,0.301432,60021.4,0.095,True
dachs-local,dachs,Q04,csv,32,3,1240,0.0,10.145,3.162465,3.396876,3.396395,58456.2,0.015,True
egernia-local,egernia,Q05,csv,1,1,12107,0.0,100.889,0.009361,0.013214,0.0126,3857.7,0.205,True
dachs-local,dachs,Q05,csv,1,1,208,0.0,1.728,0.550322,0.781236,0.780768,3193.5,0.01,True
egernia-local,egernia,Q05,csv,1,2,11971,0.0,99.755,0.009451,0.013684,0.013007,3865.6,0.195,True
dachs-local,dachs,Q05,csv,1,2,212,0.0,1.757,0.547472,0.793197,0.792682,3880.9,0.01,True
egernia-local,egernia,Q05,csv,1,3,12092,0.0,100.76,0.009386,0.013149,0.012585,3898.2,0.195,True
dachs-local,dachs,Q05,csv,1,3,212,0.0,1.767,0.544245,0.782196,0.78167,3974.0,0.01,True
egernia-local,egernia,Q05,csv,4,1,20990,0.0,174.898,0.021738,0.033218,0.03145,3899.1,0.11,True
dachs-local,dachs,Q05,csv,4,1,720,0.0,5.987,0.6216,0.925264,0.924779,3506.4,0.01,True
egernia-local,egernia,Q05,csv,4,2,21067,0.0,175.532,0.021647,0.033084,0.031452,3845.5,0.115,True
dachs-local,dachs,Q05,csv,4,2,712,0.0,5.906,0.631623,0.922815,0.922365,3633.2,0.01,True
egernia-local,egernia,Q05,csv,4,3,21180,0.0,176.477,0.021525,0.032694,0.03094,3864.8,0.11,True
dachs-local,dachs,Q05,csv,4,3,727,0.0,6.039,0.623811,0.898634,0.898144,3805.9,0.01,True
egernia-local,egernia,Q05,csv,8,1,21047,0.0,175.359,0.043852,0.064171,0.061158,3898.3,0.11,True
dachs-local,dachs,Q05,csv,8,1,967,0.0,8.015,0.945799,1.41321,1.412593,3574.1,0.01,True
egernia-local,egernia,Q05,csv,8,2,20916,0.0,174.268,0.044128,0.06489,0.061688,3845.8,0.11,True
dachs-local,dachs,Q05,csv,8,2,959,0.0,7.954,0.952707,1.437568,1.43702,3761.3,0.01,True
egernia-local,egernia,Q05,csv,8,3,21059,0.0,175.446,0.043846,0.064255,0.060916,3864.8,0.11,True
dachs-local,dachs,Q05,csv,8,3,952,0.0,7.896,0.958108,1.430484,1.430019,3728.9,0.015,True
egernia-local,egernia,Q05,csv,16,1,19841,0.0,165.263,0.094138,0.128007,0.122299,3912.3,0.105,True
dachs-local,dachs,Q05,csv,16,1,1078,0.0,8.888,1.775724,2.33337,2.332876,3696.1,0.015,True
egernia-local,egernia,Q05,csv,16,2,19890,0.0,165.654,0.09366,0.127624,0.122178,3836.5,0.105,True
dachs-local,dachs,Q05,csv,16,2,1068,0.0,8.801,1.771029,2.411705,2.411159,3796.1,0.015,True
egernia-local,egernia,Q05,csv,16,3,19878,0.0,165.57,0.093694,0.126852,0.121307,3862.8,0.105,True
dachs-local,dachs,Q05,csv,16,3,1087,0.0,8.964,1.751071,2.276161,2.275617,3714.7,0.015,True
egernia-local,egernia,Q05,csv,32,1,18737,0.0,155.887,0.199771,0.257362,0.251606,3909.3,0.105,True
dachs-local,dachs,Q05,csv,32,1,1096,0.0,8.916,3.543696,3.982398,3.98187,3723.2,0.015,True
egernia-local,egernia,Q05,csv,32,2,18794,0.0,156.424,0.199615,0.252225,0.246706,3832.8,0.1,True
dachs-local,dachs,Q05,csv,32,2,1088,0.0,8.882,3.557838,4.071773,4.071294,3815.7,0.02,True
egernia-local,egernia,Q05,csv,32,3,18799,0.0,156.485,0.19892,0.255699,0.250536,3851.4,0.11,True
dachs-local,dachs,Q05,csv,32,3,1105,0.0,8.989,3.503146,4.108625,4.107996,3709.8,0.02,True
egernia-local,egernia,Q06,csv,1,1,6769,0.0,56.408,0.017399,0.023796,0.022833,71850.9,0.13,True
dachs-local,dachs,Q06,csv,1,1,209,0.0,1.741,0.553321,0.796974,0.796363,71814.8,0.01,True
egernia-local,egernia,Q06,csv,1,2,6822,0.0,56.848,0.017286,0.023723,0.022815,71369.6,0.125,True
dachs-local,dachs,Q06,csv,1,2,212,0.0,1.765,0.547331,0.797437,0.796968,70001.2,0.01,True
egernia-local,egernia,Q06,csv,1,3,6778,0.0,56.481,0.017409,0.024129,0.023119,70694.9,0.13,True
dachs-local,dachs,Q06,csv,1,3,212,0.0,1.763,0.549213,0.785508,0.785026,64106.7,0.01,True
egernia-local,egernia,Q06,csv,4,1,15103,0.0,125.823,0.030777,0.045047,0.042357,71866.6,0.09,True
dachs-local,dachs,Q06,csv,4,1,703,0.0,5.84,0.639192,0.924777,0.92414,71206.0,0.015,True
egernia-local,egernia,Q06,csv,4,2,15271,0.0,127.227,0.030429,0.044837,0.042087,71251.5,0.09,True
dachs-local,dachs,Q06,csv,4,2,710,0.0,5.882,0.633327,0.935795,0.934916,70150.7,0.01,True
egernia-local,egernia,Q06,csv,4,3,15332,0.0,127.738,0.030205,0.044907,0.041949,71093.2,0.09,True
dachs-local,dachs,Q06,csv,4,3,714,0.0,5.928,0.634341,0.913783,0.913313,66954.9,0.01,True
egernia-local,egernia,Q06,csv,8,1,16711,0.0,139.213,0.055895,0.079463,0.073384,71836.0,0.105,True
dachs-local,dachs,Q06,csv,8,1,933,0.0,7.721,0.99042,1.49171,1.49116,70943.0,0.015,True
egernia-local,egernia,Q06,csv,8,2,16726,0.0,139.344,0.055809,0.079507,0.073712,71281.7,0.1,True
dachs-local,dachs,Q06,csv,8,2,946,0.0,7.853,0.967232,1.432554,1.432077,69076.0,0.015,True
egernia-local,egernia,Q06,csv,8,3,16602,0.0,138.319,0.056131,0.080307,0.074386,71027.5,0.11,True
dachs-local,dachs,Q06,csv,8,3,941,0.0,7.785,0.980632,1.438603,1.438017,68244.0,0.01,True
egernia-local,egernia,Q06,csv,16,1,16057,0.0,133.701,0.117042,0.156283,0.145659,71937.6,0.105,True
dachs-local,dachs,Q06,csv,16,1,1044,0.0,8.594,1.811356,2.429287,2.428763,70628.1,0.015,True
egernia-local,egernia,Q06,csv,16,2,16185,0.0,134.778,0.115942,0.154953,0.144292,71315.7,0.105,True
dachs-local,dachs,Q06,csv,16,2,1037,0.0,8.547,1.824218,2.521902,2.521359,69207.0,0.015,True
egernia-local,egernia,Q06,csv,16,3,16240,0.0,135.238,0.115466,0.154434,0.143498,71026.5,0.105,True
dachs-local,dachs,Q06,csv,16,3,1051,0.0,8.664,1.782086,2.398895,2.398384,68011.7,0.015,True
egernia-local,egernia,Q06,csv,32,1,15331,0.0,127.532,0.245865,0.30719,0.294759,71942.4,0.1,True
dachs-local,dachs,Q06,csv,32,1,1031,0.0,8.406,3.744673,4.407197,4.406652,70786.5,0.02,True
egernia-local,egernia,Q06,csv,32,2,15350,0.0,127.738,0.245371,0.307162,0.295769,71270.1,0.11,True
dachs-local,dachs,Q06,csv,32,2,1013,0.0,8.24,3.680691,4.276769,4.276301,69005.9,0.015,True
egernia-local,egernia,Q06,csv,32,3,15410,0.0,128.253,0.24525,0.303488,0.293641,71095.0,0.11,True
dachs-local,dachs,Q06,csv,32,3,1087,0.0,8.873,3.572561,4.031343,4.030867,68238.8,0.02,True
egernia-local,egernia,Q07,csv,1,1,9284,0.0,77.364,0.012826,0.018078,0.017506,19983.0,0.16,True
dachs-local,dachs,Q07,csv,1,1,210,0.0,1.749,0.551823,0.791553,0.791056,18144.2,0.01,True
egernia-local,egernia,Q07,csv,1,2,9248,0.0,77.059,0.012791,0.018288,0.017714,20186.0,0.155,True
dachs-local,dachs,Q07,csv,1,2,212,0.0,1.762,0.546915,0.788395,0.787862,19954.8,0.01,True
egernia-local,egernia,Q07,csv,1,3,9266,0.0,77.215,0.012743,0.018131,0.017529,20180.9,0.16,True
dachs-local,dachs,Q07,csv,1,3,212,0.0,1.764,0.546921,0.789326,0.788814,18965.4,0.01,True
egernia-local,egernia,Q07,csv,4,1,18722,0.0,156.003,0.024558,0.037554,0.035782,20088.9,0.105,True
dachs-local,dachs,Q07,csv,4,1,723,0.0,6.005,0.630775,0.905069,0.904566,19096.6,0.01,True
egernia-local,egernia,Q07,csv,4,2,18824,0.0,156.847,0.024482,0.037185,0.03559,20059.6,0.1,True
dachs-local,dachs,Q07,csv,4,2,707,0.0,5.867,0.64239,0.937443,0.936949,20349.2,0.015,True
egernia-local,egernia,Q07,csv,4,3,18945,0.0,157.852,0.024317,0.036931,0.035322,20187.9,0.1,True
dachs-local,dachs,Q07,csv,4,3,703,0.0,5.831,0.646683,0.927631,0.927165,18955.2,0.01,True
egernia-local,egernia,Q07,csv,8,1,19682,0.0,163.966,0.047203,0.068924,0.065649,20100.1,0.115,True
dachs-local,dachs,Q07,csv,8,1,932,0.0,7.725,0.980524,1.474235,1.473662,19548.6,0.015,True
egernia-local,egernia,Q07,csv,8,2,19700,0.0,164.1,0.047105,0.068519,0.065544,20018.1,0.105,True
dachs-local,dachs,Q07,csv,8,2,931,0.0,7.718,0.97663,1.468771,1.467137,19718.9,0.015,True
egernia-local,egernia,Q07,csv,8,3,19652,0.0,163.72,0.04717,0.069014,0.065583,20209.9,0.11,True
dachs-local,dachs,Q07,csv,8,3,924,0.0,7.652,0.993676,1.491372,1.49093,18870.5,0.015,True
egernia-local,egernia,Q07,csv,16,1,18731,0.0,156.023,0.099788,0.134452,0.128821,20075.4,0.11,True
dachs-local,dachs,Q07,csv,16,1,1025,0.0,8.433,1.848633,2.430447,2.429971,19555.4,0.015,True
egernia-local,egernia,Q07,csv,16,2,18759,0.0,156.243,0.099574,0.134552,0.129291,20062.4,0.125,True
dachs-local,dachs,Q07,csv,16,2,1043,0.0,8.586,1.842255,2.347143,2.346626,19529.3,0.015,True
egernia-local,egernia,Q07,csv,16,3,18776,0.0,156.398,0.099468,0.134978,0.129444,20194.5,0.105,True
dachs-local,dachs,Q07,csv,16,3,1036,0.0,8.496,1.855016,2.397033,2.396438,18791.6,0.015,True
egernia-local,egernia,Q07,csv,32,1,17859,0.0,148.684,0.209947,0.266067,0.26043,20071.1,0.105,True
dachs-local,dachs,Q07,csv,32,1,1050,0.0,8.515,3.726839,4.128804,4.128314,19384.1,0.02,True
egernia-local,egernia,Q07,csv,32,2,17902,0.0,149.003,0.209407,0.263884,0.257886,20073.6,0.115,True
dachs-local,dachs,Q07,csv,32,2,1048,0.0,8.53,3.732595,4.168468,4.168031,19420.8,0.02,True
egernia-local,egernia,Q07,csv,32,3,17843,0.0,148.516,0.209841,0.269169,0.263379,20253.6,0.11,True
dachs-local,dachs,Q07,csv,32,3,1052,0.0,8.511,3.733765,4.132731,4.132098,18961.0,0.015,True
egernia-local,egernia,Q10,csv,1,1,3646,0.0,30.378,0.032123,0.039477,0.037199,298465.7,0.105,True
dachs-local,dachs,Q10,csv,1,1,1100,0.0,9.165,0.086571,0.330063,0.329354,291189.0,0.03,True
egernia-local,egernia,Q10,csv,1,2,3666,0.0,30.547,0.031928,0.03889,0.03679,298528.4,0.095,True
dachs-local,dachs,Q10,csv,1,2,1096,0.0,9.132,0.086984,0.330707,0.329993,291352.7,0.03,True
egernia-local,egernia,Q10,csv,1,3,3663,0.0,30.518,0.031885,0.039016,0.036785,298572.6,0.1,True
dachs-local,dachs,Q10,csv,1,3,1101,0.0,9.172,0.086729,0.329644,0.328823,291412.8,0.035,True
egernia-local,egernia,Q10,csv,4,1,9067,0.0,75.536,0.051778,0.069813,0.06295,298527.9,0.075,True
dachs-local,dachs,Q10,csv,4,1,1161,0.0,9.641,0.36005,0.636726,0.635065,291222.8,0.015,True
egernia-local,egernia,Q10,csv,4,2,9091,0.0,75.733,0.051819,0.069956,0.063224,298522.6,0.075,True
dachs-local,dachs,Q10,csv,4,2,1159,0.0,9.649,0.367791,0.630271,0.629449,291198.7,0.015,True
egernia-local,egernia,Q10,csv,4,3,9109,0.0,75.886,0.051872,0.069408,0.062696,298646.5,0.07,True
dachs-local,dachs,Q10,csv,4,3,1155,0.0,9.599,0.369004,0.629517,0.624247,291155.7,0.015,True
egernia-local,egernia,Q10,csv,8,1,10492,0.0,87.38,0.08983,0.11853,0.103246,298536.8,0.085,True
dachs-local,dachs,Q10,csv,8,1,1142,0.0,9.481,0.878269,1.035772,1.03434,291229.2,0.015,True
egernia-local,egernia,Q10,csv,8,2,10505,0.0,87.505,0.089549,0.117992,0.102387,298544.0,0.08,True
dachs-local,dachs,Q10,csv,8,2,1132,0.0,9.39,0.885344,1.057207,1.054868,291316.0,0.015,True
egernia-local,egernia,Q10,csv,8,3,10531,0.0,87.744,0.089683,0.116814,0.102068,298633.6,0.085,True
dachs-local,dachs,Q10,csv,8,3,1144,0.0,9.473,0.865786,1.038257,1.036558,291083.2,0.015,True
egernia-local,egernia,Q10,csv,16,1,10486,0.0,87.289,0.180436,0.235192,0.200714,298539.1,0.085,True
dachs-local,dachs,Q10,csv,16,1,1055,0.0,8.71,1.744624,2.204597,2.203883,291272.7,0.015,True
egernia-local,egernia,Q10,csv,16,2,10436,0.0,86.873,0.181752,0.236639,0.201252,298543.3,0.085,True
dachs-local,dachs,Q10,csv,16,2,1104,0.0,9.116,1.738974,2.18248,2.18162,291279.7,0.015,True
egernia-local,egernia,Q10,csv,16,3,10412,0.0,86.689,0.182218,0.236202,0.20062,298634.4,0.085,True
dachs-local,dachs,Q10,csv,16,3,1104,0.0,9.126,1.735176,2.132031,2.130116,291024.6,0.015,True
egernia-local,egernia,Q10,csv,32,1,10109,0.0,84.051,0.376374,0.457979,0.416104,298533.6,0.085,True
dachs-local,dachs,Q10,csv,32,1,1116,0.0,9.101,3.531168,3.802608,3.801893,291183.8,0.025,True
egernia-local,egernia,Q10,csv,32,2,10056,0.0,83.6,0.378483,0.455887,0.414899,298534.8,0.095,True
dachs-local,dachs,Q10,csv,32,2,1121,0.0,9.156,3.481481,3.762813,3.762071,291268.4,0.02,True
egernia-local,egernia,Q10,csv,32,3,10079,0.0,83.803,0.377762,0.457777,0.417167,298634.5,0.08,True
dachs-local,dachs,Q10,csv,32,3,1119,0.0,9.146,3.49785,3.747569,3.745936,291075.5,0.025,True
egernia-local,egernia,Q11,csv,1,1,523,0.0,4.354,0.225086,0.260718,0.244075,2996050.4,0.075,True
dachs-local,dachs,Q11,csv,1,1,393,0.0,3.272,0.282089,0.530769,0.506754,2918529.9,0.04,True
egernia-local,egernia,Q11,csv,1,2,527,0.0,4.389,0.224034,0.2576,0.23895,2993624.4,0.07,True
dachs-local,dachs,Q11,csv,1,2,395,0.0,3.289,0.281543,0.524121,0.501734,2916853.5,0.035,True
egernia-local,egernia,Q11,csv,1,3,510,0.0,4.249,0.2271,0.266397,0.246244,2994950.8,0.06,True
dachs-local,dachs,Q11,csv,1,3,394,0.0,3.277,0.282643,0.527675,0.504498,2918540.6,0.035,True
egernia-local,egernia,Q11,csv,4,1,1448,0.0,12.05,0.330326,0.410949,0.354786,2995534.7,0.08,True
dachs-local,dachs,Q11,csv,4,1,445,0.0,3.689,1.058036,1.330277,1.239155,2917685.2,0.02,True
egernia-local,egernia,Q11,csv,4,2,1453,0.0,12.083,0.329167,0.406112,0.349587,2995745.9,0.065,True
dachs-local,dachs,Q11,csv,4,2,440,0.0,3.662,1.05261,1.367766,1.275973,2918664.0,0.02,True
egernia-local,egernia,Q11,csv,4,3,1463,0.0,12.172,0.324458,0.40802,0.356149,2996285.6,0.06,True
dachs-local,dachs,Q11,csv,4,3,444,0.0,3.681,1.061424,1.310472,1.259775,2919655.4,0.015,True
egernia-local,egernia,Q11,csv,8,1,1887,0.0,15.689,0.505901,0.609985,0.477207,2995774.1,0.085,True
dachs-local,dachs,Q11,csv,8,1,446,0.0,3.688,2.288075,2.853189,2.649139,2917870.9,0.015,True
egernia-local,egernia,Q11,csv,8,2,1874,0.0,15.585,0.511307,0.608592,0.473368,2995428.8,0.075,True
dachs-local,dachs,Q11,csv,8,2,458,0.0,3.781,2.255425,2.790113,2.601214,2918807.4,0.02,True
egernia-local,egernia,Q11,csv,8,3,1877,0.0,15.593,0.509806,0.607846,0.478909,2995317.3,0.085,True
dachs-local,dachs,Q11,csv,8,3,459,0.0,3.781,2.238517,2.766921,2.606768,2919366.2,0.02,True
egernia-local,egernia,Q11,csv,16,1,2006,0.0,16.679,0.950012,1.149026,0.685558,2995884.1,0.095,True
dachs-local,dachs,Q11,csv,16,1,479,0.0,3.933,4.263995,6.15969,5.083707,2917924.6,0.04,True
egernia-local,egernia,Q11,csv,16,2,2015,0.0,16.732,0.948968,1.136579,0.655539,2995619.5,0.085,True
dachs-local,dachs,Q11,csv,16,2,481,0.0,3.917,4.340831,5.654839,5.034391,2918700.2,0.045,True
egernia-local,egernia,Q11,csv,16,3,2015,0.0,16.708,0.947013,1.139443,0.649381,2995341.2,0.08,True
dachs-local,dachs,Q11,csv,16,3,476,0.0,3.912,4.341254,6.330636,5.11693,2919376.6,0.025,True
egernia-local,egernia,Q11,csv,32,1,1990,0.0,16.433,1.948751,2.288798,1.466217,2995941.3,0.09,True
dachs-local,dachs,Q11,csv,32,1,491,0.0,3.93,8.722699,13.599929,10.43685,2917457.4,0.04,True
egernia-local,egernia,Q11,csv,32,2,2007,0.0,16.534,1.930766,2.248284,1.400654,2995543.9,0.09,True
dachs-local,dachs,Q11,csv,32,2,502,0.0,3.998,8.054094,12.400656,10.140759,2917832.2,0.035,True
egernia-local,egernia,Q11,csv,32,3,1698,0.041814,13.977,1.957198,5.009046,5.008506,2870651.8,0.11,True
dachs-local,dachs,Q11,csv,32,3,506,0.0,3.96,8.622724,12.001494,10.080722,2918808.6,0.04,True
egernia-local,egernia,Q12,csv,1,1,12774,0.0,106.446,0.008829,0.012405,0.011853,109.0,0.205,True
dachs-local,dachs,Q12,csv,1,1,211,0.0,1.758,0.545305,0.79069,0.790154,110.0,0.01,True
egernia-local,egernia,Q12,csv,1,2,12641,0.0,105.334,0.008933,0.012657,0.01212,109.0,0.21,True
dachs-local,dachs,Q12,csv,1,2,213,0.0,1.768,0.54368,0.781233,0.780739,110.0,0.01,True
egernia-local,egernia,Q12,csv,1,3,12601,0.0,105.003,0.008945,0.012804,0.012207,109.0,0.2,True
dachs-local,dachs,Q12,csv,1,3,213,0.0,1.774,0.544118,0.777596,0.777116,110.0,0.01,True
egernia-local,egernia,Q12,csv,4,1,21512,0.0,179.246,0.021191,0.032206,0.030579,109.0,0.13,True
dachs-local,dachs,Q12,csv,4,1,726,0.0,6.025,0.622599,0.890289,0.889806,110.0,0.015,True
egernia-local,egernia,Q12,csv,4,2,21641,0.0,180.309,0.021112,0.03206,0.030315,109.0,0.125,True
dachs-local,dachs,Q12,csv,4,2,733,0.0,6.083,0.615594,0.887307,0.886831,110.0,0.01,True
egernia-local,egernia,Q12,csv,4,3,21690,0.0,180.723,0.021051,0.032013,0.030198,109.0,0.11,True
dachs-local,dachs,Q12,csv,4,3,714,0.0,5.924,0.639828,0.921996,0.921428,110.0,0.01,True
egernia-local,egernia,Q12,csv,8,1,21386,0.0,178.183,0.043243,0.063207,0.060113,109.0,0.115,True
dachs-local,dachs,Q12,csv,8,1,945,0.0,7.822,0.954721,1.483737,1.48325,110.0,0.015,True
egernia-local,egernia,Q12,csv,8,2,21420,0.0,178.466,0.043137,0.063461,0.060309,109.0,0.11,True
dachs-local,dachs,Q12,csv,8,2,965,0.0,8.0,0.947391,1.409969,1.409446,110.0,0.01,True
egernia-local,egernia,Q12,csv,8,3,21390,0.0,178.221,0.043185,0.063526,0.06046,109.0,0.11,True
dachs-local,dachs,Q12,csv,8,3,942,0.0,7.817,0.967823,1.465638,1.46514,110.0,0.01,True
egernia-local,egernia,Q12,csv,16,1,20225,0.0,168.458,0.092282,0.125731,0.119919,109.0,0.105,True
dachs-local,dachs,Q12,csv,16,1,1087,0.0,8.929,1.749712,2.276528,2.27593,110.0,0.015,True
egernia-local,egernia,Q12,csv,16,2,20305,0.0,169.119,0.091775,0.124968,0.119218,109.0,0.105,True
dachs-local,dachs,Q12,csv,16,2,1078,0.0,8.887,1.746188,2.337006,2.335821,110.0,0.015,True
egernia-local,egernia,Q12,csv,16,3,20252,0.0,168.71,0.091935,0.125119,0.119478,109.0,0.11,True
dachs-local,dachs,Q12,csv,16,3,1092,0.0,9.012,1.736434,2.256866,2.256251,110.0,0.015,True
egernia-local,egernia,Q12,csv,32,1,19085,0.0,158.869,0.196121,0.2512,0.245474,109.0,0.1,True
dachs-local,dachs,Q12,csv,32,1,1098,0.0,8.93,3.534441,4.015067,4.014687,110.0,0.02,True
egernia-local,egernia,Q12,csv,32,2,18980,0.0,157.993,0.19723,0.251634,0.246685,109.0,0.105,True
dachs-local,dachs,Q12,csv,32,2,1089,0.0,8.898,3.570134,4.023724,4.023174,110.0,0.02,True
egernia-local,egernia,Q12,csv,32,3,19185,0.0,159.713,0.194882,0.248512,0.242803,109.0,0.1,True
dachs-local,dachs,Q12,csv,32,3,1090,0.0,8.806,3.571445,4.112107,4.111598,110.0,0.015,True
egernia-local,egernia,Q13,csv,1,1,496,0.0,4.132,0.239492,0.330507,0.329867,2265.2,0.015,True
dachs-local,dachs,Q13,csv,1,1,357,0.0,2.972,0.358594,0.568117,0.567596,2301.0,0.015,True
egernia-local,egernia,Q13,csv,1,2,502,0.0,4.18,0.237925,0.327637,0.327151,2265.8,0.015,True
dachs-local,dachs,Q13,csv,1,2,364,0.0,3.028,0.354949,0.565885,0.565223,2301.5,0.01,True
egernia-local,egernia,Q13,csv,1,3,501,0.0,4.167,0.239253,0.328012,0.327541,2264.6,0.015,True
dachs-local,dachs,Q13,csv,1,3,369,0.0,3.066,0.354157,0.556267,0.555789,2300.0,0.015,True
egernia-local,egernia,Q13,csv,4,1,1137,0.0,9.444,0.416019,0.569927,0.569382,2264.5,0.015,True
dachs-local,dachs,Q13,csv,4,1,1020,0.0,8.462,0.470813,0.756526,0.756022,2301.2,0.015,True
egernia-local,egernia,Q13,csv,4,2,1143,0.0,9.505,0.415606,0.574418,0.572777,2264.2,0.015,True
dachs-local,dachs,Q13,csv,4,2,1024,0.0,8.488,0.467341,0.762817,0.76238,2300.3,0.01,True
egernia-local,egernia,Q13,csv,4,3,1150,0.0,9.567,0.416507,0.562121,0.561276,2263.6,0.015,True
dachs-local,dachs,Q13,csv,4,3,1041,0.0,8.644,0.469267,0.755264,0.754806,2300.1,0.015,True
egernia-local,egernia,Q13,csv,8,1,1163,0.0,9.641,0.828502,1.118226,1.117326,2264.4,0.015,True
dachs-local,dachs,Q13,csv,8,1,1202,0.0,9.98,0.775287,1.176276,1.17578,2300.3,0.015,True
egernia-local,egernia,Q13,csv,8,2,1175,0.0,9.738,0.811944,1.104066,1.103546,2264.1,0.015,True
dachs-local,dachs,Q13,csv,8,2,1203,0.0,9.968,0.767465,1.196552,1.196053,2299.9,0.015,True
egernia-local,egernia,Q13,csv,8,3,1181,0.0,9.804,0.818191,1.094757,1.094303,2263.7,0.015,True
dachs-local,dachs,Q13,csv,8,3,1216,0.0,10.102,0.771362,1.191855,1.191343,2299.8,0.015,True
egernia-local,egernia,Q13,csv,16,1,1179,0.0,9.725,1.628624,1.988507,1.987996,2264.4,0.015,True
dachs-local,dachs,Q13,csv,16,1,1210,0.0,9.964,1.587564,2.133422,2.132941,2300.3,0.015,True
egernia-local,egernia,Q13,csv,16,2,1188,0.0,9.78,1.624885,1.974043,1.972318,2264.0,0.015,True
dachs-local,dachs,Q13,csv,16,2,1214,0.0,10.008,1.582328,2.115595,2.115108,2300.0,0.015,True
egernia-local,egernia,Q13,csv,16,3,1192,0.0,9.819,1.611732,1.96008,1.955559,2263.8,0.015,True
dachs-local,dachs,Q13,csv,16,3,1211,0.0,10.011,1.589466,2.123547,2.12283,2299.8,0.015,True
egernia-local,egernia,Q13,csv,32,1,1194,0.0,9.681,3.277745,3.712461,3.71167,2264.5,0.025,True
dachs-local,dachs,Q13,csv,32,1,1234,0.0,10.049,3.17477,3.537547,3.537077,2300.4,0.015,True
egernia-local,egernia,Q13,csv,32,2,1194,0.0,9.739,3.267892,3.665019,3.664153,2263.9,0.015,True
dachs-local,dachs,Q13,csv,32,2,1221,0.0,9.965,3.219889,3.587861,3.587347,2300.1,0.015,True
egernia-local,egernia,Q13,csv,32,3,1202,0.0,9.782,3.26452,3.678819,3.678364,2263.9,0.02,True
dachs-local,dachs,Q13,csv,32,3,1248,0.0,10.184,3.137565,3.469031,3.468546,2299.9,0.015,True
