key,kind,dataset,database_gib,mode,response_format,concurrency,replicas,workers,offered_rps,repetition,requests,successful,rps,successful_rps,error_fraction,timeout_fraction,latency_mean_s,latency_p50_s,latency_p95_s,latency_p99_s,latency_p999_s,latency_max_s,latency_cv,ttfb_p95_s,response_throughput_bytes_per_s,tap_api_cpu_cores_mean,postgres_cpu_cores_mean,postgres_read_bytes_per_s,cache_hit_ratio,bottleneck,invalid
wsweep-w1-n1-D1-c1-r0,worker_sweep,D1,2.058,closed,csv,1,1,1,,0,3855,3855,85.63171958872223,85.63171958872223,0.0,0.0,0.01164912025621777,0.010780422016978264,0.02290047677233815,0.027317772340029477,0.031423177483491625,0.1226629801094532,0.38867656583121885,0.014781968202441926,2567118.669025645,0.7529668721267211,0.1265472513839864,0.0,0.9495989360252605,DATABASE_IO_BOUND,False
wsweep-w1-n1-D1-c1-r1,worker_sweep,D1,2.058,closed,csv,1,1,1,,1,3866,3866,85.89218825778889,85.89218825778889,0.0,0.0,0.011612643067981803,0.010723301442340016,0.02054441603831947,0.027063655573874707,0.030986135264393047,0.11823230935260653,0.40321509842879094,0.014863100368529558,2537733.9356741947,0.7636831711165515,0.12217529448622556,0.0,0.9980655331574021,UNKNOWN,False
wsweep-w1-n1-D1-c2-r0,worker_sweep,D1,2.058,closed,csv,2,1,1,,0,4381,4381,97.31778364776673,97.31778364776673,0.0,0.0,0.020512571900082155,0.019325993955135345,0.032907651737332344,0.04046826791018245,0.051795927183705064,0.14227218087762594,0.3188814106522276,0.02566528832539916,2901681.4383493573,0.9431767256857482,0.1446529819765181,0.0,0.9995846202460679,TAP_CPU_BOUND,False
wsweep-w1-n1-D1-c2-r1,worker_sweep,D1,2.058,closed,csv,2,1,1,,1,4403,4403,97.8177075728645,97.8177075728645,0.0,0.0,0.02040700537882121,0.019106640946120024,0.032921780552715066,0.04105352982878682,0.05444012181367917,0.14105263026431203,0.32390443533850866,0.02561931819655,2912813.829948176,0.9339715610904463,0.14014437252077022,0.0,0.9997230615286742,TAP_CPU_BOUND,False
wsweep-w1-n1-D1-c4-r0,worker_sweep,D1,2.058,closed,csv,4,1,1,,0,4464,4464,99.14361572871772,99.14361572871772,0.0,0.0,0.04029700674121201,0.03816886944696307,0.06119744195602833,0.07730756965931503,0.14212241179496066,0.18867653282359242,0.30121236903402754,0.05107498553115874,2892232.0831108876,1.0355360035585432,0.1579411793307523,0.0,0.9998075410759601,TAP_CPU_BOUND,False
wsweep-w1-n1-D1-c4-r1,worker_sweep,D1,2.058,closed,csv,4,1,1,,1,4442,4442,98.60253915836724,98.60253915836724,0.0,0.0,0.04050030828686745,0.038153984351083636,0.062234207522124045,0.07905638493597508,0.1448894940512258,0.16166361374780536,0.30420572439144106,0.05164457559585571,3015154.8805402224,1.0418494677552366,0.15603553124703545,0.0,0.9998753263333225,TAP_CPU_BOUND,False
wsweep-w1-n2-D1-c1-r0,worker_sweep,D1,2.058,closed,csv,1,2,1,,0,3803,3803,84.4980113542862,84.4980113542862,0.0,0.0,0.011803780867155644,0.01091831224039197,0.022933076135814145,0.02752016127109528,0.03192949730996052,0.1126960120163858,0.3744263453286016,0.014915729407221079,2533067.3198925476,0.7541065982455218,0.12342141789563346,0.0,0.9999985003809032,UNKNOWN,False
wsweep-w1-n2-D1-c1-r1,worker_sweep,D1,2.058,closed,csv,1,2,1,,1,3825,3825,84.98910527016315,84.98910527016315,0.0,0.0,0.011736089221621846,0.010841731913387775,0.02096986547112462,0.027247113920748234,0.030708307374268856,0.12042670231312513,0.3804853276762378,0.015133325848728417,2513918.274846798,0.7305334299222419,0.12542127938667214,0.0,1.0,UNKNOWN,False
wsweep-w1-n2-D1-c2-r0,worker_sweep,D1,2.058,closed,csv,2,2,1,,0,7354,7354,163.40379398579714,163.40379398579714,0.0,0.0,0.012207823168946825,0.011260231724008918,0.023696566978469488,0.028300267010927208,0.034701729686931325,0.12170786783099174,0.40473614314184947,0.015555826155468822,5033665.405765262,1.5192565278761399,0.23844633953570976,0.0,0.9999646669939355,UNKNOWN,False
wsweep-w1-n2-D1-c2-r1,worker_sweep,D1,2.058,closed,csv,2,2,1,,1,4397,4397,97.68535909434182,97.68535909434182,0.0,0.0,0.020436857055812524,0.019119080156087875,0.033017019927501674,0.03982507498934865,0.0513058253023774,0.12130358116701245,0.3113325066036662,0.02563688401132822,2896200.9641675414,0.9550734552200839,0.1415765022499382,0.0,1.0,UNKNOWN,False
wsweep-w1-n2-D1-c4-r0,worker_sweep,D1,2.058,closed,csv,4,2,1,,0,7996,7996,177.57993066252516,177.57993066252516,0.0,0.0,0.022479955157814355,0.02328522363677621,0.04249415977392346,0.056609209650196196,0.12634073111694874,0.1630746154114604,0.5468134776611847,0.03658314934000373,5392362.104059755,1.740501570972886,0.26580403616814563,0.0,0.9999860714437436,TAP_CPU_BOUND,False
wsweep-w1-n2-D1-c4-r1,worker_sweep,D1,2.058,closed,csv,4,2,1,,1,4418,4418,98.10641473135571,98.10641473135571,0.0,0.0,0.04071179450883358,0.038188676815479994,0.06305274085607378,0.08215564705897122,0.15569899756322153,0.16840993193909526,0.3188489943258267,0.051792733650654545,2985244.786210033,1.0328699972430548,0.15250740699899998,0.0,1.0,UNKNOWN,False
wsweep-w1-n2-D1-c8-r0,worker_sweep,D1,2.058,closed,csv,8,2,1,,0,8555,8555,189.85064942723042,189.85064942723042,0.0,0.0,0.04205952041647993,0.03914346033707261,0.06947355102747678,0.09760780896060142,0.16786574899312154,0.21174632385373116,0.41166930114324346,0.0610024818219244,5639409.306460853,2.049113171702403,0.29355511865251155,0.0,0.9999570256741845,TAP_CPU_BOUND,False
wsweep-w1-n2-D1-c8-r1,worker_sweep,D1,2.058,closed,csv,8,2,1,,1,8549,8549,189.8607582734918,189.8607582734918,0.0,0.0,0.04208606032220846,0.03895277809351683,0.07063685311004518,0.09996177982538952,0.15745236477442567,0.2255445527844131,0.4103772917788782,0.06191722312942145,5748772.224233747,2.0548032720855036,0.29379632246706233,0.0,0.9999656367637353,TAP_CPU_BOUND,False
wsweep-w1-n2-D1-c16-r0,worker_sweep,D1,2.058,closed,csv,16,2,1,,0,8240,8240,182.91057819723977,182.91057819723977,0.0,0.0,0.0873787414055381,0.07816340704448521,0.16237944490276265,0.22457343713380395,0.2756244640601808,0.35564016504213214,0.5016902441552866,0.14244890939444302,5452168.769736481,2.1288436425893806,0.29880354540309034,0.0,0.9999979442578668,TAP_CPU_BOUND,False
wsweep-w1-n2-D1-c16-r1,worker_sweep,D1,2.058,closed,csv,16,2,1,,1,8298,8298,183.9924063737626,183.9924063737626,0.0,0.0,0.08679552871314596,0.06946052028797567,0.1739653747994452,0.23440484970808081,0.2799391607395461,0.3009728449396789,0.6061075340432599,0.15374731307383618,5624440.965624439,2.1373137402423636,0.29529126186548454,0.0,0.9999880506810448,TAP_CPU_BOUND,False
wsweep-w1-n4-D1-c1-r0,worker_sweep,D1,2.058,closed,csv,1,4,1,,0,3860,3860,85.77738875577305,85.77738875577305,0.0,0.0,0.011628450026827348,0.010751446476206183,0.022675808006897547,0.02695774295832961,0.03036724401032584,0.11561471782624722,0.3798842992649737,0.014922951441258192,2573457.9287218573,0.7770495194270182,0.12281527912583153,0.0,1.0,UNKNOWN,False
wsweep-w1-n4-D1-c1-r1,worker_sweep,D1,2.058,closed,csv,1,4,1,,1,3880,3880,86.1919410090536,86.1919410090536,0.0,0.0,0.01157159945044244,0.01070199883542955,0.020095231034792924,0.0271001482848078,0.031732157538645056,0.11917833611369133,0.3826591494154187,0.014867773675359783,2545332.766001206,0.7660662066246718,0.1203688773034355,0.0,1.0,UNKNOWN,False
wsweep-w1-n4-D1-c2-r0,worker_sweep,D1,2.058,closed,csv,2,4,1,,0,7313,7313,162.48502827015702,162.48502827015702,0.0,0.0,0.012275768280995641,0.011286066845059395,0.023899135924875716,0.028719714693725112,0.032607797056436724,0.12919376976788044,0.40856198228491963,0.01568416869267821,5023179.7895062845,1.5038703596670309,0.2360070332309471,0.0,1.0,UNKNOWN,False
wsweep-w1-n4-D1-c2-r1,worker_sweep,D1,2.058,closed,csv,2,4,1,,1,4393,4393,97.59481254462042,97.59481254462042,0.0,0.0,0.02045497030154169,0.0191343086771667,0.032907900679856536,0.03961092367768287,0.0532157904431224,0.14847291680052876,0.31803066637819966,0.025608543306589113,2898854.651488004,0.9439138796452299,0.14387648908551734,0.0,1.0,UNKNOWN,False
wsweep-w1-n4-D1-c4-r0,worker_sweep,D1,2.058,closed,csv,4,4,1,,0,8433,8433,187.35072436513406,187.35072436513406,0.0,0.0,0.02130845946256594,0.020067241974174976,0.0339700604788959,0.042413981091231116,0.11749298823997387,0.1500022322870791,0.32744078196463666,0.026700936164706944,5748698.8409581985,1.8770620746116888,0.28249750646751187,0.0,0.9999894664285202,UNKNOWN,False
wsweep-w1-n4-D1-c4-r1,worker_sweep,D1,2.058,closed,csv,4,4,1,,1,11311,11311,251.29681603680763,251.29681603680763,0.0,0.0,0.015879540995995808,0.013764201197773218,0.028405603487044573,0.03884824481792745,0.05088039331138149,0.13333553029224277,0.45408625325891744,0.023770973086357117,7449674.938115058,2.425596017701027,0.36871064195345576,0.0,0.9999785014726491,UNKNOWN,False
wsweep-w1-n4-D1-c8-r0,worker_sweep,D1,2.058,closed,csv,8,4,1,,0,12244,12244,271.91091129571925,271.91091129571925,0.0,0.0,0.029371517082901137,0.02808034745976329,0.04727654901798815,0.06121310182381421,0.13301095460821202,0.17228742502629757,0.360960345881034,0.03973682709038258,8332658.4436558,2.9064435687794172,0.42414558648057105,0.0,1.0,UNKNOWN,False
wsweep-w1-n4-D1-c8-r1,worker_sweep,D1,2.058,closed,csv,8,4,1,,1,11717,11717,260.29622613569734,260.29622613569734,0.0,0.0,0.0306903820922758,0.03058994421735406,0.05721652628853917,0.07549855621531606,0.14961752946116247,0.19730278197675943,0.5322594398600199,0.04857551315799353,7896904.163499343,2.7761387754724165,0.401415432437068,0.0,1.0,UNKNOWN,False
wsweep-w1-n4-D1-c16-r0,worker_sweep,D1,2.058,closed,csv,16,4,1,,0,15023,15023,333.45168262681335,333.45168262681335,0.0,0.0,0.04791216011206423,0.0387026839889586,0.11081178099848327,0.15796223296783873,0.2078896096143884,0.27451722603291273,0.6983569387939349,0.09654266242869199,9931608.017473748,3.778196682182243,0.5253264557564392,0.0,0.9999906562874216,TAP_CPU_BOUND,False
wsweep-w1-n4-D1-c16-r1,worker_sweep,D1,2.058,closed,csv,16,4,1,,1,15448,15448,342.8748856190427,342.8748856190427,0.0,0.0,0.046588480963848204,0.04094932950101793,0.08416439399588853,0.1140743458084764,0.1770263727079183,0.22144955210387707,0.4407471181973205,0.07247152854688466,10423397.943325933,3.925061463712293,0.5373197659290224,0.0,0.999997136277741,TAP_CPU_BOUND,False
wsweep-w1-n4-D1-c32-r0,worker_sweep,D1,2.058,closed,csv,32,4,1,,0,14922,14922,331.10461757526156,331.10461757526156,0.0,0.0,0.09651800900068089,0.09124324982985854,0.1558982273796573,0.20675051543395934,0.2543761266679558,0.32373547181487083,0.32198382374261764,0.12707079127430912,10204753.084265685,4.140510256697427,0.5520616116045842,0.0,0.9999985281222483,TAP_CPU_BOUND,False
wsweep-w1-n4-D1-c32-r1,worker_sweep,D1,2.058,closed,csv,32,4,1,,1,14919,14919,330.61717341719384,330.61717341719384,0.0,0.0,0.09657496860838502,0.08296420890837908,0.1895499128848314,0.2564434488862753,0.3136486118091304,0.4500989941880107,0.5616567047537601,0.16749502345919606,10011905.789404517,4.081308602419677,0.5373870470838722,0.0,0.9999985000879323,TAP_CPU_BOUND,False
wsweep-w1-n8-D1-c1-r0,worker_sweep,D1,2.058,closed,csv,1,8,1,,0,3775,3775,83.8745886258974,83.8745886258974,0.0,0.0,0.011892099530491609,0.01099626300856471,0.023156502936035342,0.0277187675796449,0.0317862110994758,0.1215106719173491,0.379646599027027,0.015153746912255883,2514629.5107371463,0.7685357107242763,0.12716513321982156,0.0,1.0,UNKNOWN,False
wsweep-w1-n8-D1-c1-r1,worker_sweep,D1,2.058,closed,csv,1,8,1,,1,3859,3859,85.73671737561605,85.73671737561605,0.0,0.0,0.011633891404258152,0.01077179191634059,0.0227169323246926,0.027323285182937983,0.030512169577181395,0.1278933440335095,0.3897730209153195,0.01492675500921905,2558748.2996996515,0.7827684224857394,0.11989582212205908,0.0,1.0,UNKNOWN,False
wsweep-w1-n8-D1-c2-r0,worker_sweep,D1,2.058,closed,csv,2,8,1,,0,7289,7289,161.9404311334484,161.9404311334484,0.0,0.0,0.01231694035404558,0.01134994812309742,0.024078585673123553,0.02876778237521648,0.0321808286495507,0.12330510979518294,0.38028963748712374,0.015745791606605053,4992801.761842762,1.49353335791741,0.24346394069333063,0.0,1.0,UNKNOWN,False
wsweep-w1-n8-D1-c2-r1,worker_sweep,D1,2.058,closed,csv,2,8,1,,1,7528,7528,167.26878671704873,167.26878671704873,0.0,0.0,0.011924241727869265,0.011071386048570275,0.020346518396399886,0.027798260133713483,0.03237509705871346,0.1280613811686635,0.3783172553978611,0.015221238578669727,4867761.509089795,1.5352908834472476,0.23972214906537379,0.0,1.0,UNKNOWN,False
wsweep-w1-n8-D1-c4-r0,worker_sweep,D1,2.058,closed,csv,4,8,1,,0,13633,13633,302.78551674499835,302.78551674499835,0.0,0.0,0.01317009180198776,0.012193390168249607,0.025029440037906164,0.030303655676543733,0.034137137930840326,0.15234015276655555,0.3836288007904743,0.016667473036795853,9359515.35617929,2.998252669043059,0.4567673734761803,0.0,1.0,UNKNOWN,False
wsweep-w1-n8-D1-c4-r1,worker_sweep,D1,2.058,closed,csv,4,8,1,,1,10955,10955,243.36063274886905,243.36063274886905,0.0,0.0,0.01639438795350026,0.014248806983232498,0.029536647116765374,0.03967105692252503,0.0520139233833182,0.14015127485617995,0.45577413220248314,0.02471946347504854,7210475.984849892,2.423320713924498,0.37298438074324813,0.0,1.0,UNKNOWN,False
wsweep-w1-n8-D1-c8-r0,worker_sweep,D1,2.058,closed,csv,8,8,1,,0,17065,17065,379.04856898672466,379.04856898672466,0.0,0.0,0.02106124283090985,0.017305903136730194,0.04156953478232026,0.05703357327729473,0.08128663190454323,0.17364268889650702,0.5399940113169741,0.036072445102036,11669989.125557953,4.056851370717401,0.5873259696355805,0.0,0.9999993488423883,UNKNOWN,False
wsweep-w1-n8-D1-c8-r1,worker_sweep,D1,2.058,closed,csv,8,8,1,,1,14371,14371,319.1847948506417,319.1847948506417,0.0,0.0,0.025017390037913954,0.019593466073274612,0.054534847382456064,0.07335947440005838,0.1439259742759178,0.18166685104370117,0.6410595243393585,0.047839437145739794,9573277.991062284,3.395534710085349,0.4835100295776782,0.0,0.9999984532377022,UNKNOWN,False
wsweep-w1-n8-D1-c16-r0,worker_sweep,D1,2.058,closed,csv,16,8,1,,0,22390,22390,497.13016908455955,497.13016908455955,0.0,0.0,0.03212942482696454,0.0201022585388273,0.08204679589252917,0.11229106012266131,0.17281972024776102,0.24800017196685076,0.7875970888783329,0.07190883613657206,15095150.428179512,5.658681801659149,0.7872602052175469,0.0,0.999999002357927,UNKNOWN,False
wsweep-w1-n8-D1-c16-r1,worker_sweep,D1,2.058,closed,csv,16,8,1,,1,23106,23106,512.9161200752144,512.9161200752144,0.0,0.0,0.0311317141121467,0.027853940846398473,0.06287569343112409,0.08167651749681683,0.1611214130348585,0.2043079431168735,0.5817569652406227,0.05425256630405784,15299547.389974115,5.805460324599585,0.8130789779771778,0.0,0.9999985470181301,UNKNOWN,False
wsweep-w1-n8-D1-c32-r0,worker_sweep,D1,2.058,closed,csv,32,8,1,,0,25884,25884,574.0673841537471,574.0673841537471,0.0,0.0,0.055615839033904,0.04994172346778214,0.1166047545848414,0.16344200300518416,0.24244967290805877,0.4499456067569554,0.596841350017645,0.09951254350598901,17528526.8886174,7.133360030097302,0.9621345242663982,0.0,1.0,TAP_CPU_BOUND,False
wsweep-w1-n8-D1-c32-r1,worker_sweep,D1,2.058,closed,csv,32,8,1,,1,26215,26215,581.6355452602896,581.6355452602896,0.0,0.0,0.05491915441708095,0.051304744090884924,0.09766266010701653,0.13432353299111147,0.20521610720548988,0.2611680761910975,0.44814040810552497,0.0826073030475527,17286233.98689372,7.226222864199608,0.9591225648852193,0.0,0.9999993606501931,TAP_CPU_BOUND,False
wsweep-w1-n8-D1-c64-r0,worker_sweep,D1,2.058,closed,csv,64,8,1,,0,24768,24768,548.2644016134485,548.2644016134485,0.0,0.0,0.1163481917268636,0.10987872467376292,0.19775361088104543,0.2669333483930674,0.3458521626000387,0.5081918542273343,0.38334177195813063,0.16538741996046152,16814948.93386356,7.538237228798294,0.9648589497243831,0.0,1.0,TAP_CPU_BOUND,False
wsweep-w1-n8-D1-c64-r1,worker_sweep,D1,2.058,closed,csv,64,8,1,,1,25241,25241,559.5168462682351,559.5168462682351,0.0,0.0,0.1141307402949828,0.09998769033700228,0.23216489190235734,0.2969914615154257,0.3929322868399323,0.5353849437087774,0.4804852390324292,0.20867523178458214,16781654.27356126,7.43070486180284,0.9421063728321636,0.0,0.9999997791931009,TAP_CPU_BOUND,False
wsweep-w2-n1-D1-c1-r0,worker_sweep,D1,2.058,closed,csv,1,1,2,,0,3872,3872,86.00143772919935,86.00143772919935,0.0,0.0,0.01159771671085734,0.01072260458022356,0.022606156137771866,0.02693011137656867,0.030562084825244046,0.11327422503381968,0.3769435677559082,0.01451631444506347,2582634.169509839,0.7595501991412723,0.12238405977222268,0.0,1.0,MEMORY_BOUND,False
wsweep-w2-n1-D1-c1-r1,worker_sweep,D1,2.058,closed,csv,1,1,2,,1,3894,3894,86.50869574848141,86.50869574848141,0.0,0.0,0.011529781586219354,0.010645447531715035,0.022268753265962005,0.026909369425848127,0.03200623275432746,0.11710942583158612,0.3904084163567458,0.014810244226828218,2581117.589335372,0.750352693236874,0.11892831267550777,0.0,1.0,MEMORY_BOUND,False
wsweep-w2-n1-D1-c2-r0,worker_sweep,D1,2.058,closed,csv,2,1,2,,0,4431,4431,98.4421452762807,98.4421452762807,0.0,0.0,0.02027869057746806,0.01917720725759864,0.03198761586099863,0.0387026929296553,0.05406322233844662,0.13319249683991075,0.31209222115280283,0.02495990670286119,2938626.893288358,0.9488698778777096,0.1439622866921663,0.0,1.0,MEMORY_BOUND,False
wsweep-w2-n1-D1-c2-r1,worker_sweep,D1,2.058,closed,csv,2,1,2,,1,7521,7521,167.07667142159306,167.07667142159306,0.0,0.0,0.011937084856120283,0.01102716289460659,0.02012411830946803,0.028136439993977552,0.03296782525256278,0.12014605291187763,0.3792747679718473,0.0153398672118783,4859360.743418194,1.500499326285736,0.23475906535934285,0.0,1.0,UNKNOWN,False
wsweep-w2-n1-D1-c4-r0,worker_sweep,D1,2.058,closed,csv,4,1,2,,0,8445,8445,187.5848034081357,187.5848034081357,0.0,0.0,0.02128041903353244,0.020029657054692507,0.03417526660487055,0.04272616392001501,0.058375915037468466,0.13325410522520542,0.31747969195272663,0.02695947065949439,5762629.505629194,1.888730194188196,0.2786301084503297,0.0,1.0,TAP_CPU_BOUND,False
wsweep-w2-n1-D1-c4-r1,worker_sweep,D1,2.058,closed,csv,4,1,2,,1,8401,8401,186.5909942912065,186.5909942912065,0.0,0.0,0.021392960080524638,0.020049595274031162,0.03451154101639986,0.04266382521018386,0.05735230008140333,0.13172407308593392,0.3197123304073176,0.02701373491436243,5602040.078483265,1.8374720883282074,0.26925508586139635,0.0,1.0,TAP_CPU_BOUND,False
wsweep-w2-n1-D1-c8-r0,worker_sweep,D1,2.058,closed,csv,8,1,2,,0,8096,8096,179.6788706554387,179.6788706554387,0.0,0.0,0.0444450004537854,0.039902768563479185,0.08744786283932626,0.12365600124467166,0.1799144924199217,0.24906550208106637,0.5936520028370624,0.0757354301167652,5426045.02580401,1.8778998788207193,0.28044096593409323,0.0,1.0,TAP_CPU_BOUND,False
wsweep-w2-n1-D1-c8-r1,worker_sweep,D1,2.058,closed,csv,8,1,2,,1,8024,8024,178.2151540266508,178.2151540266508,0.0,0.0,0.044834347706425526,0.041799450758844614,0.0753479114267975,0.10731310337316236,0.16157382167130926,0.18200660590082407,0.4107759108850939,0.06537172563839704,5390547.102134061,1.9461008264356285,0.27623439776040415,0.0,1.0,TAP_CPU_BOUND,False
wsweep-w2-n2-D1-c1-r0,worker_sweep,D1,2.058,closed,csv,1,2,2,,0,3805,3805,84.54401463118144,84.54401463118144,0.0,0.0,0.011797511206178604,0.010894678067415953,0.022953227721154684,0.02764396907761693,0.032637257335707624,0.11791432742029428,0.38030284880520837,0.01503453878685832,2532946.8105734168,0.7608467526988646,0.12367437012137066,0.0,1.0,UNKNOWN,False
wsweep-w2-n2-D1-c1-r1,worker_sweep,D1,2.058,closed,csv,1,2,2,,1,3864,3864,85.86442024174185,85.86442024174185,0.0,0.0,0.011615685160405833,0.010711875976994634,0.02163338579703109,0.027447226373478763,0.030671403022949215,0.11663033906370401,0.3832604452688313,0.014973675529472529,2546964.7651224234,0.7624178964005374,0.12069200642288155,0.0,1.0,UNKNOWN,False
wsweep-w2-n2-D1-c2-r0,worker_sweep,D1,2.058,closed,csv,2,2,2,,0,7328,7328,162.78103404179208,162.78103404179208,0.0,0.0,0.012252312089269777,0.011328168213367462,0.023684427863918243,0.02833693859167396,0.03372225833637696,0.12747729616239667,0.39434651772524576,0.015550568280741571,5023788.434730641,1.507998923236995,0.23790303351582615,0.0,1.0,UNKNOWN,False
wsweep-w2-n2-D1-c2-r1,worker_sweep,D1,2.058,closed,csv,2,2,2,,1,7367,7367,163.68295236448037,163.68295236448037,0.0,0.0,0.012186036691399808,0.011219421867281199,0.02178570041432976,0.02833728224039078,0.03499090876895961,0.1429681209847331,0.4101544999569133,0.015578639088198542,4725294.785793565,1.4847816472799407,0.22959329470450934,0.0,1.0,UNKNOWN,False
wsweep-w2-n2-D1-c4-r0,worker_sweep,D1,2.058,closed,csv,4,2,2,,0,11136,11136,247.40409591188242,247.40409591188242,0.0,0.0,0.016128374552926258,0.014182809507474303,0.028642944525927305,0.037514310935512184,0.052495917289053715,0.13949613412842155,0.4490470640139217,0.02390300529077649,7662885.075287221,2.4057964681309763,0.36330222952433866,0.0,1.0,UNKNOWN,False
wsweep-w2-n2-D1-c4-r1,worker_sweep,D1,2.058,closed,csv,4,2,2,,1,11124,11124,247.11443858848045,247.11443858848045,0.0,0.0,0.01614714368709143,0.014147964306175709,0.028892983822152024,0.03884800591971727,0.04904291282594212,0.1368265002965927,0.4491252577512752,0.02407511400524527,7319759.746884395,2.407704162226561,0.3619146921008186,0.0,1.0,UNKNOWN,False
wsweep-w2-n2-D1-c8-r0,worker_sweep,D1,2.058,closed,csv,8,2,2,,0,15076,15076,334.9076985852872,334.9076985852872,0.0,0.0,0.023843485064530025,0.022147321375086904,0.04269340622704476,0.0555379253346473,0.1296507162973286,0.1627812646329403,0.44991428897074776,0.036045164335519075,10360897.09759627,3.5423691282471474,0.4985445363616736,0.0,1.0,TAP_CPU_BOUND,False
wsweep-w2-n2-D1-c8-r1,worker_sweep,D1,2.058,closed,csv,8,2,2,,1,14852,14852,329.9137959545727,329.9137959545727,0.0,0.0,0.024206350162452744,0.024626902537420392,0.04547879521269351,0.0595178808365017,0.12645868363231605,0.14475839398801327,0.5302511065233383,0.039017590810544775,9928170.032288799,3.4524478686006046,0.4999082971255847,0.0,1.0,UNKNOWN,False
wsweep-w2-n2-D1-c16-r0,worker_sweep,D1,2.058,closed,csv,16,2,2,,0,15100,15100,335.30349659064734,335.30349659064734,0.0,0.0,0.04765402864769644,0.04124050703831017,0.08839930454269052,0.12532029788009824,0.18159812077228063,0.25264847883954644,0.4656459564229651,0.07613389221951365,10325772.98986209,3.8887637247728297,0.5395835206447945,0.0,1.0,TAP_CPU_BOUND,False
wsweep-w2-n2-D1-c16-r1,worker_sweep,D1,2.058,closed,csv,16,2,2,,1,15127,15127,335.8478036825492,335.8478036825492,0.0,0.0,0.04757107313804379,0.045080040115863085,0.07303470266051588,0.0949462405592203,0.16803268032986815,0.21438946202397346,0.3139046834655487,0.06139518488198518,10165846.50613108,3.860510167772923,0.5383105159231738,0.0,1.0,TAP_CPU_BOUND,False
wsweep-w2-n4-D1-c1-r0,worker_sweep,D1,2.058,closed,csv,1,4,2,,0,3871,3871,86.01950687714697,86.01950687714697,0.0,0.0,0.011594857191111198,0.010736266151070595,0.02267188113182783,0.027036113478243372,0.03021705229301043,0.11343640508130193,0.3791427261680473,0.014761366182938218,2580242.9948946447,0.770746531651366,0.12491355260401776,0.0,0.9999971440933425,UNKNOWN,False
wsweep-w2-n4-D1-c1-r1,worker_sweep,D1,2.058,closed,csv,1,4,2,,1,3832,3832,85.13980856165844,85.13980856165844,0.0,0.0,0.011714391374745696,0.010769796092063189,0.020799517328850745,0.02724462715908885,0.030527164386119698,0.14307893812656403,0.3916717371608444,0.015029756492003797,2525516.9386276533,0.7724526217140969,0.12740267648449038,0.0,1.0,UNKNOWN,False
wsweep-w2-n4-D1-c2-r0,worker_sweep,D1,2.058,closed,csv,2,4,2,,0,7329,7329,162.78824452335817,162.78824452335817,0.0,0.0,0.012251496267095686,0.011289242189377546,0.02370588360354303,0.028410655595362187,0.03348319841548806,0.12186778895556927,0.3892818875642367,0.015502974484115839,5021161.178219717,1.516091479945486,0.23559722263532976,0.0,1.0,UNKNOWN,False
wsweep-w2-n4-D1-c2-r1,worker_sweep,D1,2.058,closed,csv,2,4,2,,1,7360,7360,163.5426883224827,163.5426883224827,0.0,0.0,0.01219541633162526,0.01130035798996687,0.0202823049155995,0.028583104126155376,0.033359096548054586,0.1386149600148201,0.3931418602493503,0.015649184514768422,4732289.139001369,1.519721136097366,0.2372844962096129,0.0,1.0,UNKNOWN,False
wsweep-w2-n4-D1-c4-r0,worker_sweep,D1,2.058,closed,csv,4,4,2,,0,13784,13784,306.24874623187293,306.24874623187293,0.0,0.0,0.013024734522476013,0.012046202551573515,0.024946732609532705,0.029802831541746854,0.03412586485268593,0.14001404866576195,0.3913799498662937,0.01648420460987836,9465877.623461155,2.955818730969316,0.4552098364530421,0.0,1.0,UNKNOWN,False
wsweep-w2-n4-D1-c4-r1,worker_sweep,D1,2.058,closed,csv,4,4,2,,1,11256,11256,250.064368901812,250.064368901812,0.0,0.0,0.015957168498986308,0.013934750575572252,0.028534453478641808,0.03830395708791918,0.052495982404798996,0.13803798286244273,0.4617499999188555,0.023645503097213805,7406741.185825932,2.4406454973137857,0.36672016012839065,0.0,1.0,UNKNOWN,False
wsweep-w2-n4-D1-c8-r0,worker_sweep,D1,2.058,closed,csv,8,4,2,,0,17436,17436,387.34930667108273,387.34930667108273,0.0,0.0,0.020611707269116666,0.01679007732309401,0.0409920314559713,0.05502102153841412,0.07831772712059358,0.14714471716433764,0.5414331216855198,0.035331595805473626,11896481.90952175,4.083812351848743,0.5971025394436194,0.0,1.0,UNKNOWN,False
wsweep-w2-n4-D1-c8-r1,worker_sweep,D1,2.058,closed,csv,8,4,2,,1,19874,19874,441.48930633993314,441.48930633993314,0.0,0.0,0.01807944459153293,0.01589186559431255,0.03230921002104877,0.04353622994851322,0.060715924039484774,0.15324134612455964,0.4521251770596276,0.026892829965800044,13076822.996616049,4.650922195395218,0.6750801946568161,0.0,1.0,UNKNOWN,False
wsweep-w2-n4-D1-c16-r0,worker_sweep,D1,2.058,closed,csv,16,4,2,,0,25800,25800,573.0244999767111,573.0244999767111,0.0,0.0,0.027873285989468383,0.024655730463564396,0.05496803079731762,0.07546547305304556,0.13891232196288766,0.19169272854924202,0.5112727519982548,0.047167944745160624,17539869.85419536,6.561014565457652,0.9082866791119951,0.0,1.0,UNKNOWN,False
wsweep-w2-n4-D1-c16-r1,worker_sweep,D1,2.058,closed,csv,16,4,2,,1,25333,25333,562.2788827669973,562.2788827669973,0.0,0.0,0.02839289122486355,0.024689373094588518,0.05736227035522459,0.0768446050025523,0.14335739373975676,0.18886336404830217,0.5445986512522434,0.04936076477169987,16731298.059803613,6.385903568797883,0.8777392851051806,0.0,0.9999995640289912,UNKNOWN,False
wsweep-w2-n4-D1-c32-r0,worker_sweep,D1,2.058,closed,csv,32,4,2,,0,25983,25983,576.0794930765226,576.0794930765226,0.0,0.0,0.055409271465061374,0.05158290080726147,0.098554810648784,0.13279951228760187,0.20814233468473026,0.317179043777287,0.44889921172739566,0.08369580311700701,17609113.743152764,7.207443527819652,0.9657342998862478,0.0,0.9999997897916962,TAP_CPU_BOUND,False
wsweep-w2-n4-D1-c32-r1,worker_sweep,D1,2.058,closed,csv,32,4,2,,1,26288,26288,583.0408085869104,583.0408085869104,0.0,0.0,0.05476153041371082,0.05072006955742836,0.10465187805239105,0.1490602555125952,0.21291002603573966,0.2974348240531981,0.502136609291363,0.08894441628362981,17386697.20357577,7.176665594976457,0.9750908569017551,0.0,1.0,TAP_CPU_BOUND,False
wsweep-w2-n4-D1-c64-r0,worker_sweep,D1,2.058,closed,csv,64,4,2,,0,24694,24694,546.8221449939358,546.8221449939358,0.0,0.0,0.11666458427721688,0.10550370207056403,0.2121960124466568,0.28618878923822194,0.37667546807229624,0.45885752188041806,0.44124539137631025,0.1845023040194064,16746439.52813015,7.325768368604594,0.9622118146879786,0.0,1.0,TAP_CPU_BOUND,False
wsweep-w2-n4-D1-c64-r1,worker_sweep,D1,2.058,closed,csv,64,4,2,,1,24835,24835,550.7497834802939,550.7497834802939,0.0,0.0,0.11601212066906677,0.10900979628786445,0.20501703233458102,0.2739376084227115,0.3559155736537699,0.47820208594202995,0.42128917645968106,0.17571402457542715,16425211.643982613,7.5198825102889,0.9558274338795109,0.0,1.0,TAP_CPU_BOUND,False
wsweep-w2-n8-D1-c1-r0,worker_sweep,D1,2.058,closed,csv,1,8,2,,0,3756,3756,83.4336682642711,83.4336682642711,0.0,0.0,0.011953897709503008,0.011070499662309885,0.023148122476413846,0.02736890639644116,0.029991950646508864,0.12459700321778655,0.3765313852100186,0.015209990437142551,2498559.3859633403,0.7848057511170339,0.1283712184769133,0.0,1.0,UNKNOWN,False
wsweep-w2-n8-D1-c1-r1,worker_sweep,D1,2.058,closed,csv,1,8,2,,1,3757,3757,83.48503761173627,83.48503761173627,0.0,0.0,0.011945910163452794,0.011006138753145933,0.022453483659774016,0.02794048434123397,0.03398130536824507,0.12182427803054452,0.40580571335368454,0.01521241394802928,2478724.1420079526,0.7828280903358631,0.12646576602390985,0.0,1.0,UNKNOWN,False
wsweep-w2-n8-D1-c2-r0,worker_sweep,D1,2.058,closed,csv,2,8,2,,0,7307,7307,162.33725876140463,162.33725876140463,0.0,0.0,0.01228463214799044,0.011334592942148447,0.02362499595619738,0.02894680565223097,0.033142328554764566,0.12008331436663866,0.3822652100562177,0.015656251786276696,4993823.774987329,1.512417106694388,0.23410461328275456,0.0,1.0,UNKNOWN,False
wsweep-w2-n8-D1-c2-r1,worker_sweep,D1,2.058,closed,csv,2,8,2,,1,4446,4446,98.78541904561153,98.78541904561153,0.0,0.0,0.020207042883670194,0.018925703829154372,0.03277716552838683,0.040152779943309784,0.0536916299839522,0.12610004097223282,0.3151730826992665,0.025598148815333843,2931763.3094567712,0.9859896756117011,0.1456234195293747,0.0,1.0,UNKNOWN,False
wsweep-w2-n8-D1-c4-r0,worker_sweep,D1,2.058,closed,csv,4,8,2,,0,13843,13843,307.54230579837065,307.54230579837065,0.0,0.0,0.01296819045280987,0.011971146799623966,0.024825165793299665,0.030138500202447176,0.035407940756529754,0.14308474026620388,0.4023767925040611,0.01656569615006447,9509836.620848963,3.0153708877920935,0.4613953486897318,0.0,1.0,UNKNOWN,False
wsweep-w2-n8-D1-c4-r1,worker_sweep,D1,2.058,closed,csv,4,8,2,,1,13635,13635,302.93573213902414,302.93573213902414,0.0,0.0,0.013165076899635603,0.012193678878247738,0.022986950399354097,0.030512095475569365,0.03611960158590277,0.14886731607839465,0.400146233190942,0.016863905778154727,8968328.212270081,2.990463439665848,0.452902929368663,0.0,1.0,UNKNOWN,False
wsweep-w2-n8-D1-c8-r0,worker_sweep,D1,2.058,closed,csv,8,8,2,,0,21719,21719,482.4233197495064,482.4233197495064,0.0,0.0,0.016542128938675574,0.014550499618053436,0.03059801436029374,0.04002148039638996,0.05928627230227117,0.14266568887978792,0.44336824357277893,0.02407187507487833,15034142.82581337,5.13349662728047,0.7369791876963387,0.0,1.0,UNKNOWN,False
wsweep-w2-n8-D1-c8-r1,worker_sweep,D1,2.058,closed,csv,8,8,2,,1,19893,19893,441.8796124708536,441.8796124708536,0.0,0.0,0.01806204243817002,0.01590361725538969,0.032567032333463405,0.043420410882681545,0.05882730063796463,0.14963976200670004,0.4467858831553513,0.026974428351968508,13106122.917056302,4.656509654612167,0.6721509980354778,0.0,1.0,UNKNOWN,False
wsweep-w2-n8-D1-c16-r0,worker_sweep,D1,2.058,closed,csv,16,8,2,,0,26554,26554,588.066334083858,588.066334083858,0.0,0.0,0.027096709618164627,0.020840992452576756,0.06759588811546563,0.09507458079606307,0.15029877705918673,0.24927541706711054,0.6964769596594732,0.05886970367282629,17904930.771122403,6.744797126414613,0.9553853422692861,0.0,1.0,UNKNOWN,False
wsweep-w2-n8-D1-c16-r1,worker_sweep,D1,2.058,closed,csv,16,8,2,,1,25526,25526,566.783234105764,566.783234105764,0.0,0.0,0.028174120349527716,0.02617716626264155,0.051963999518193305,0.06796225754078478,0.14395129354670808,0.19411080097779632,0.49604099197540397,0.04421780281700194,16960460.310242012,6.533235853373547,0.9090595588268147,0.0,1.0,UNKNOWN,False
wsweep-w2-n8-D1-c32-r0,worker_sweep,D1,2.058,closed,csv,32,8,2,,0,34142,34142,756.9477908154936,756.9477908154936,0.0,0.0,0.042158543000043125,0.03641435084864497,0.0916385012678801,0.12983782978728403,0.2068890093253088,0.3475762940943241,0.6091960777066806,0.07794364299625155,23114467.507623654,9.531797551532742,1.2851743626592422,0.0,0.9999998402301198,UNKNOWN,False
wsweep-w2-n8-D1-c32-r1,worker_sweep,D1,2.058,closed,csv,32,8,2,,1,33773,33773,749.9467825908777,749.9467825908777,0.0,0.0,0.042610138913991735,0.03722663642838597,0.08131717219948768,0.10971873855218287,0.1785711743459187,0.25139599526301026,0.4792486066042291,0.06889130901545283,22184495.957109302,9.407761376044908,1.2657384907127933,0.0,1.0,UNKNOWN,False
wsweep-w2-n8-D1-c64-r0,worker_sweep,D1,2.058,closed,csv,64,8,2,,0,37200,37200,824.8090427359451,824.8090427359451,0.0,0.0,0.07741844371675954,0.0710174364503473,0.15202543013729147,0.20705459871329385,0.28482553355396256,0.3805387681350112,0.5333417116171041,0.12699029536452144,24878885.949164104,11.2014340187508,1.4546377532411185,0.0,1.0,UNKNOWN,False
wsweep-w2-n8-D1-c64-r1,worker_sweep,D1,2.058,closed,csv,64,8,2,,1,37465,37465,830.6520378218394,830.6520378218394,0.0,0.0,0.0768767676065877,0.07079245196655393,0.14535567061975568,0.19660120649263263,0.29229366993531675,0.43924710014835,0.48671115243665414,0.12122647035866974,24660281.8532149,11.283105902348323,1.4661531854126468,0.0,1.0,UNKNOWN,False
wsweep-w2-n8-D1-c128-r0,worker_sweep,D1,2.058,closed,csv,128,8,2,,0,34651,34651,767.6527617917054,767.6527617917054,0.0,0.0,0.1663669965361143,0.15341572416946292,0.3059093717020005,0.4043804658576846,0.5352274917764799,0.8281593988649547,0.4533572110058915,0.2588262620847672,23293844.376075495,11.459750743107634,1.4237623558810506,0.0,1.0,UNKNOWN,False
wsweep-w2-n8-D1-c128-r1,worker_sweep,D1,2.058,closed,csv,128,8,2,,1,34299,34299,758.0363993798811,758.0363993798811,0.0,0.0,0.1680588005190723,0.15531069599092007,0.29407330439426005,0.3881567993853234,0.5153116066409599,0.7075542761012912,0.3963717045833671,0.24843974187970155,22458581.656847555,11.43560746432307,1.422967964075978,0.0,1.0,UNKNOWN,False
wsweep-w4-n1-D1-c1-r0,worker_sweep,D1,2.058,closed,csv,1,1,4,,0,3749,3749,83.30020779697828,83.30020779697828,0.0,0.0,0.01197301048614536,0.011095270980149508,0.023171776998788116,0.027545576617121696,0.032582444943488185,0.11688690772280097,0.3766034480174509,0.015246020536869765,2507713.6941742017,0.7734062364445861,0.12522498912700106,0.0,1.0,MEMORY_BOUND,True
wsweep-w4-n1-D1-c1-r1,worker_sweep,D1,2.058,closed,csv,1,1,4,,1,3775,3775,83.88543024901179,83.88543024901179,0.0,0.0,0.011889683673935418,0.011060470715165138,0.021551912184804532,0.02803430932573974,0.03195547881722549,0.1123024970293045,0.3754574423814353,0.015057622455060482,2485188.312172332,0.7625796272777942,0.12078692400132636,0.0,1.0,MEMORY_BOUND,False
wsweep-w4-n1-D1-c2-r0,worker_sweep,D1,2.058,closed,csv,2,1,4,,0,4299,4299,95.51290579123987,95.51290579123987,0.0,0.0,0.020899893333829956,0.019739480689167976,0.03303057607263326,0.0405210333038121,0.12303114757407603,0.16326247388496995,0.3371450511186515,0.025797389401122927,2835231.2010350325,0.9449469430654339,0.14279595934003927,0.0,1.0,MEMORY_BOUND,False
wsweep-w4-n1-D1-c2-r1,worker_sweep,D1,2.058,closed,csv,2,1,4,,1,7496,7496,166.543856401064,166.543856401064,0.0,0.0,0.011975224263043706,0.011102226097136736,0.019593770033679903,0.028165338025428373,0.032407443076372396,0.12568310601636767,0.37520239837085145,0.015313344658352435,4815909.992321466,1.519895450121851,0.23732330194555032,0.0,1.0,UNKNOWN,False
wsweep-w4-n1-D1-c4-r0,worker_sweep,D1,2.058,closed,csv,4,1,4,,0,7921,7921,175.95109924122752,175.95109924122752,0.0,0.0,0.022692006743121402,0.02330635581165552,0.04282923275604844,0.05530225876718762,0.1225059057585917,0.1521054906770587,0.5293258968092769,0.03619062015786767,5268852.779056945,1.7735139835159546,0.2724912361977641,0.0,1.0,TAP_CPU_BOUND,False
wsweep-w4-n1-D1-c4-r1,worker_sweep,D1,2.058,closed,csv,4,1,4,,1,8044,8044,178.68133428738136,178.68133428738136,0.0,0.0,0.02234242314352153,0.0232288904953748,0.042148102121427646,0.05559132302645593,0.13024724341090982,0.1513122608885169,0.5399135527306803,0.03590028940234333,5274423.558439142,1.7615088376589358,0.26556884934454805,0.0,1.0,TAP_CPU_BOUND,False
wsweep-w4-n1-D1-c8-r0,worker_sweep,D1,2.058,closed,csv,8,1,4,,0,8070,8070,179.24605871015441,179.24605871015441,0.0,0.0,0.04457547263988978,0.04100135015323758,0.08662142499815671,0.10368967045564201,0.2311056528403435,0.2883820296265185,0.5926266018869532,0.07853966651018708,5417238.821631511,1.928243766815478,0.27988022891428255,0.0,1.0,TAP_CPU_BOUND,False
wsweep-w4-n1-D1-c8-r1,worker_sweep,D1,2.058,closed,csv,8,1,4,,1,8009,8009,177.73510732178195,177.73510732178195,0.0,0.0,0.04493295195703064,0.04274557298049331,0.0880602678284049,0.1074674876406789,0.20871898224204835,0.2840393939986825,0.5387399749527537,0.07804111205041407,5429298.956392451,1.9439189492472877,0.28359769312047517,0.0,1.0,TAP_CPU_BOUND,False
wsweep-w4-n2-D1-c1-r0,worker_sweep,D1,2.058,closed,csv,1,2,4,,0,3847,3847,85.46819832633375,85.46819832633375,0.0,0.0,0.011669235726204017,0.010777704883366823,0.023187723848968736,0.027111277263611556,0.03141645970568078,0.12023813463747501,0.3816591605281275,0.014817906077951191,2563072.385475259,0.7717021633514818,0.12347869421334609,0.0,1.0,UNKNOWN,False
wsweep-w4-n2-D1-c1-r1,worker_sweep,D1,2.058,closed,csv,1,2,4,,1,3857,3857,85.69875418559624,85.69875418559624,0.0,0.0,0.011638459973959632,0.010744763072580099,0.022499712370336045,0.027309568226337434,0.03071801507100476,0.11823271587491035,0.38582088097572825,0.015010726451873778,2552240.3251412245,0.7525876680040925,0.12157762407033754,0.0,1.0,UNKNOWN,False
wsweep-w4-n2-D1-c2-r0,worker_sweep,D1,2.058,closed,csv,2,2,4,,0,7341,7341,163.05123828132886,163.05123828132886,0.0,0.0,0.01223134368366528,0.011248946189880371,0.02374646021053195,0.02790052061900497,0.03261353697627818,0.13612348306924105,0.40828747949851335,0.015493656974285841,5029930.979315105,1.4939936142486914,0.23381723767624193,0.0,1.0,UNKNOWN,False
wsweep-w4-n2-D1-c2-r1,worker_sweep,D1,2.058,closed,csv,2,2,4,,1,4396,4396,97.62536329564051,97.62536329564051,0.0,0.0,0.0204431865987384,0.019259137334302068,0.032337349257431924,0.04058688301593066,0.05040287680458356,0.14816111978143454,0.31852178847785684,0.025645639863796532,2899452.392367589,0.9582129221705173,0.1413392410693024,0.0,1.0,UNKNOWN,False
wsweep-w4-n2-D1-c4-r0,worker_sweep,D1,2.058,closed,csv,4,2,4,,0,8404,8404,186.70422822637445,186.70422822637445,0.0,0.0,0.021382228055158128,0.020095988642424345,0.034118800610303875,0.042169368662871416,0.06329847525293784,0.1413514306768775,0.31820007924419774,0.02693901150487363,5736297.264529346,1.8878155016351454,0.2804674043246857,0.0,1.0,UNKNOWN,False
wsweep-w4-n2-D1-c4-r1,worker_sweep,D1,2.058,closed,csv,4,2,4,,1,12482,12482,277.3119450234272,277.3119450234272,0.0,0.0,0.014386050365214603,0.012345787603408098,0.02861685075331478,0.0391112649207935,0.04944707591040079,0.1703227711841464,0.4837538215317637,0.02528895179275421,8213696.145601761,2.6989127272566997,0.4093190756075321,0.0,1.0,TAP_CPU_BOUND,False
wsweep-w4-n2-D1-c8-r0,worker_sweep,D1,2.058,closed,csv,8,2,4,,0,12182,12182,270.54238591306364,270.54238591306364,0.0,0.0,0.029522821311272426,0.023482914082705975,0.06297147676814346,0.08030865725129845,0.13323485075170288,0.20725624216720462,0.5934505448978814,0.05781831443309783,8131162.934762118,2.8872062670964613,0.4217381030088976,0.0,1.0,TAP_CPU_BOUND,False
wsweep-w4-n2-D1-c8-r1,worker_sweep,D1,2.058,closed,csv,8,2,4,,1,14651,14651,325.33660866279365,325.33660866279365,0.0,0.0,0.024540341732553508,0.019085301086306572,0.05380671448074281,0.07230775570496917,0.12677226562519706,0.16337529011070728,0.6383802936194846,0.047263819025829434,9726966.464631418,3.414193862464344,0.4968957851380964,0.0,1.0,UNKNOWN,False
wsweep-w4-n2-D1-c16-r0,worker_sweep,D1,2.058,closed,csv,16,2,4,,0,15402,15402,341.50852672920917,341.50852672920917,0.0,0.0,0.046740718562252224,0.036503978073596954,0.1099151503760367,0.16625634209252882,0.2500328061096395,0.3664755797944963,0.7178514143530381,0.09823470055125653,10620487.331094548,3.9058398386257704,0.5486931646640205,0.0,1.0,TAP_CPU_BOUND,False
wsweep-w4-n2-D1-c16-r1,worker_sweep,D1,2.058,closed,csv,16,2,4,,1,15633,15633,346.7329681435321,346.7329681435321,0.0,0.0,0.04604277822748375,0.041782577987760305,0.0937090452760458,0.11600130187347543,0.18916104960069247,0.30678209383040667,0.6113848727267058,0.0852068749256432,10435180.791270252,3.8107689351546576,0.5466032858833408,0.0,1.0,TAP_CPU_BOUND,False
wsweep-w4-n2-D1-c32-r0,worker_sweep,D1,2.058,closed,csv,32,2,4,,0,14629,14629,324.4541459400076,324.4541459400076,0.0,0.0,0.09848055788267131,0.09700334817171097,0.1795127272605896,0.21464184539392575,0.3576613673642353,0.42162589728832245,0.43372389149905505,0.159699691273272,9986076.163089158,3.807530036609048,0.5253352982566057,0.0,1.0,TAP_CPU_BOUND,False
wsweep-w4-n2-D1-c32-r1,worker_sweep,D1,2.058,closed,csv,32,2,4,,1,14763,14763,327.4321192695938,327.4321192695938,0.0,0.0,0.09756765150258973,0.09464830532670021,0.18023624839261174,0.22210926539264575,0.3709475882723929,0.4638727339915931,0.44742368735387217,0.1616748882923275,9906069.367585892,3.907378666114679,0.5260453628179484,0.0,1.0,TAP_CPU_BOUND,False
wsweep-w4-n4-D1-c1-r0,worker_sweep,D1,2.058,closed,csv,1,4,4,,0,3821,3821,84.91001972777123,84.91001972777123,0.0,0.0,0.011746066076950591,0.010841201059520245,0.022884897887706757,0.027046815026551485,0.030457112807780604,0.1172430980950594,0.37756885019299297,0.015029738191515207,2545444.349025521,0.8016467782182336,0.12364754935575963,0.0,1.0,UNKNOWN,False
wsweep-w4-n4-D1-c1-r1,worker_sweep,D1,2.058,closed,csv,1,4,4,,1,3879,3879,86.19600950489546,86.19600950489546,0.0,0.0,0.011570659860801484,0.010709968395531178,0.019611971918493433,0.027220099782571196,0.030370080090128124,0.12900615110993385,0.38790671971884677,0.014901611953973768,2565423.143333422,0.7815289822921062,0.12172996034444267,0.0,1.0,UNKNOWN,False
wsweep-w4-n4-D1-c2-r0,worker_sweep,D1,2.058,closed,csv,2,4,4,,0,7347,7347,163.23920437253082,163.23920437253082,0.0,0.0,0.012218509575538921,0.011273744981735945,0.023660989478230476,0.02841222461313009,0.03274067583959556,0.12053439393639565,0.3886286505409396,0.015474449656903743,5033648.660820648,1.5039449442986887,0.23805881173830645,0.0,1.0,UNKNOWN,False
wsweep-w4-n4-D1-c2-r1,worker_sweep,D1,2.058,closed,csv,2,4,4,,1,7463,7463,165.81707909797657,165.81707909797657,0.0,0.0,0.012028342077395508,0.011170921847224236,0.020129396207630625,0.028205489162355667,0.03204910052847121,0.11820629704743624,0.3727194923372323,0.015493438066914675,4792623.1018444095,1.5283412613102016,0.23943672520724912,0.0,1.0,UNKNOWN,False
wsweep-w4-n4-D1-c4-r0,worker_sweep,D1,2.058,closed,csv,4,4,4,,0,11088,11088,246.3255986952463,246.3255986952463,0.0,0.0,0.01619969890515917,0.014189553447067738,0.029150347015820442,0.03788652249611902,0.053475481636822905,0.13129622023552656,0.45508381105192364,0.024043774069286882,7644664.504078881,2.47686928195282,0.37342860225341545,0.0,1.0,UNKNOWN,False
wsweep-w4-n4-D1-c4-r1,worker_sweep,D1,2.058,closed,csv,4,4,4,,1,7953,7953,176.68099656360482,176.68099656360482,0.0,0.0,0.022598178335649928,0.02320385491475463,0.04271018477156758,0.05765076480805864,0.13017740876227654,0.15180298499763012,0.545762650377228,0.03661122135818004,5231686.6823718,1.7932511294245825,0.26807457896549797,0.0,1.0,UNKNOWN,False
wsweep-w4-n4-D1-c8-r0,worker_sweep,D1,2.058,closed,csv,8,4,4,,0,21793,21793,484.1675825711769,484.1675825711769,0.0,0.0,0.016483367262870103,0.014490955974906683,0.030690076109021885,0.0395467937178909,0.05731758594512988,0.1503525492735207,0.4388708428905286,0.024247108213603492,15125824.838565875,5.188209739630686,0.7458445335027115,0.0,1.0,UNKNOWN,False
wsweep-w4-n4-D1-c8-r1,worker_sweep,D1,2.058,closed,csv,8,4,4,,1,20193,20193,448.58888406432055,448.58888406432055,0.0,0.0,0.017793762081499687,0.015562371350824833,0.03224540250375864,0.0429954023659229,0.057133651196957694,0.16032287990674376,0.44839858253879616,0.02675092415884137,13251770.333288012,4.681648094497643,0.6770064342105399,0.0,1.0,UNKNOWN,False
wsweep-w4-n4-D1-c16-r0,worker_sweep,D1,2.058,closed,csv,16,4,4,,0,23888,23888,530.3244197053367,530.3244197053367,0.0,0.0,0.03011131057309031,0.027793009532615542,0.05965717518702147,0.07780487611889843,0.13992519528837952,0.21755005000159144,0.5316694395747684,0.050831777253188194,16131672.228583686,6.056204289216023,0.8484167112496737,0.0,1.0,TAP_CPU_BOUND,False
wsweep-w4-n4-D1-c16-r1,worker_sweep,D1,2.058,closed,csv,16,4,4,,1,22048,22048,489.51467415232923,489.51467415232923,0.0,0.0,0.032624667253017804,0.029179472709074616,0.06592978455591947,0.08367875419557086,0.15031340671982715,0.25993172684684396,0.5756705833211054,0.05735805935692042,14579260.92162833,5.547429392893549,0.7694328715953282,0.0,1.0,TAP_CPU_BOUND,False
wsweep-w4-n4-D1-c32-r0,worker_sweep,D1,2.058,closed,csv,32,4,4,,0,28629,28629,635.0874342448407,635.0874342448407,0.0,0.0,0.05028073853371052,0.040989352855831385,0.11004304559901355,0.1754851505532862,0.28836074150353913,0.4311640919186175,0.6838030120116931,0.09761385526508091,19423326.062778685,7.753835461542763,1.0368396046001593,0.0,1.0,TAP_CPU_BOUND,False
wsweep-w4-n4-D1-c32-r1,worker_sweep,D1,2.058,closed,csv,32,4,4,,1,28877,28877,640.6271472593102,640.6271472593102,0.0,0.0,0.04985699853178209,0.03924481896683574,0.11629925714805721,0.16450722049921745,0.25828559802472895,0.38376194704324007,0.7352158848744562,0.10043664183467625,19112679.823498916,7.814048416436248,1.0615402633701845,0.0,1.0,TAP_CPU_BOUND,False
wsweep-w4-n8-D1-c1-r0,worker_sweep,D1,2.058,closed,csv,1,8,4,,0,3753,3753,83.3805357911483,83.3805357911483,0.0,0.0,0.011962038742528736,0.011094759218394756,0.023000664822757227,0.027514168340712786,0.03290797581896201,0.12463703704997897,0.3988650901300975,0.015121728926897048,2493056.9361882503,0.8241323944923429,0.13441601750470344,0.0,1.0,UNKNOWN,False
wsweep-w4-n8-D1-c1-r1,worker_sweep,D1,2.058,closed,csv,1,8,4,,1,3829,3829,85.07418757702503,85.07418757702503,0.0,0.0,0.011723524181828482,0.010832016356289387,0.022462273947894563,0.027679389007389543,0.03385513088293391,0.12168617593124509,0.3967017802632371,0.015104041155427694,2529961.7857425064,0.8093062003941188,0.122733502169144,0.0,1.0,UNKNOWN,False
wsweep-w4-n8-D1-c2-r0,worker_sweep,D1,2.058,closed,csv,2,8,4,,0,7309,7309,162.38941975160466,162.38941975160466,0.0,0.0,0.012281573762553228,0.011370263993740082,0.024002152681350704,0.028325311411172154,0.033382154865190576,0.11804759595543146,0.3883938242165362,0.015650923177599908,5002405.831053105,1.5438396170419943,0.24062372602410412,0.0,1.0,UNKNOWN,False
wsweep-w4-n8-D1-c2-r1,worker_sweep,D1,2.058,closed,csv,2,8,4,,1,7446,7446,165.44937257410942,165.44937257410942,0.0,0.0,0.012055039238782558,0.011217165505513549,0.02022400894202292,0.027961696498095993,0.03259685556404317,0.12965596187859774,0.37397097015869896,0.015433037420734763,4792647.211934343,1.5535336745830148,0.23299417780554804,0.0,1.0,UNKNOWN,False
wsweep-w4-n8-D1-c4-r0,worker_sweep,D1,2.058,closed,csv,4,8,4,,0,13836,13836,307.4112428390579,307.4112428390579,0.0,0.0,0.012975085682362742,0.012014886597171426,0.024754899903200567,0.030205651908181603,0.03563727968139587,0.1395671940408647,0.387396200295615,0.016489309025928378,9516512.314395932,3.0260049264750237,0.4607459218524059,0.0,1.0,UNKNOWN,False
wsweep-w4-n8-D1-c4-r1,worker_sweep,D1,2.058,closed,csv,4,8,4,,1,13895,13895,308.6791803019733,308.6791803019733,0.0,0.0,0.012920225664809716,0.01197343086823821,0.022649070713669044,0.03020115324296056,0.03475836826674666,0.1337514240294695,0.3860923707192594,0.01652234666980803,9148083.210465407,3.0122227017062158,0.45177480409668425,0.0,1.0,UNKNOWN,False
wsweep-w4-n8-D1-c8-r0,worker_sweep,D1,2.058,closed,csv,8,8,4,,0,19951,19951,443.1796912695741,443.1796912695741,0.0,0.0,0.018009500852900606,0.01577110169455409,0.03240502951666713,0.04418158740736544,0.06473187142983457,0.15165230305865407,0.4594314637644021,0.02667780313640833,13689743.049671648,4.727707087456773,0.6883586979383604,0.0,1.0,UNKNOWN,False
wsweep-w4-n8-D1-c8-r1,worker_sweep,D1,2.058,closed,csv,8,8,4,,1,22161,22161,492.23521578613605,492.23521578613605,0.0,0.0,0.016210921900227104,0.014347943011671305,0.030103113036602736,0.03847918389365077,0.05498870858923096,0.14007868990302086,0.4363038772398682,0.023797909263521433,14652128.690844731,5.193917270968404,0.7553080067626864,0.0,1.0,UNKNOWN,False
wsweep-w4-n8-D1-c16-r0,worker_sweep,D1,2.058,closed,csv,16,8,4,,0,27647,27647,613.6897362032588,613.6897362032588,0.0,0.0,0.026009877068539182,0.02001732913777232,0.05747590982355174,0.0786607765685767,0.1403338259719469,0.20692023495212197,0.6209346132391378,0.04966536997817455,18658576.879828617,7.0755592666037055,0.9889691590409195,0.0,1.0,TAP_CPU_BOUND,False
wsweep-w4-n8-D1-c16-r1,worker_sweep,D1,2.058,closed,csv,16,8,4,,1,31503,31503,699.570779468827,699.570779468827,0.0,0.0,0.022822858161084463,0.02039220416918397,0.04048041570931671,0.05360751492902635,0.12001564922743042,0.16715388232842088,0.43969911509732335,0.03363186600618064,20931205.310196668,8.159098027558743,1.144400200037316,0.0,1.0,UNKNOWN,False
wsweep-w4-n8-D1-c32-r0,worker_sweep,D1,2.058,closed,csv,32,8,4,,0,36970,36970,820.6434694724159,820.6434694724159,0.0,0.0,0.03892259046755034,0.033153794473037124,0.07916402993723749,0.10941058835014672,0.17587044085143438,0.2538936138153076,0.5596123008365012,0.06683238092809907,24940547.800485235,10.520093406900703,1.4236378347408125,0.0,1.0,TAP_CPU_BOUND,False
wsweep-w4-n8-D1-c32-r1,worker_sweep,D1,2.058,closed,csv,32,8,4,,1,38904,38904,863.3441381646041,863.3441381646041,0.0,0.0,0.036980884862753347,0.02880861540324986,0.08294722782447933,0.11514107082970441,0.1820758182592704,0.30957261892035604,0.6181475712525333,0.07068356000818311,25727168.07733251,11.084298159659676,1.504368809435732,0.0,1.0,UNKNOWN,False
wsweep-w4-n8-D1-c64-r0,worker_sweep,D1,2.058,closed,csv,64,8,4,,0,45358,45358,1005.4793777970731,1005.4793777970731,0.0,0.0,0.06348617549098552,0.05438370839692652,0.13448197648394855,0.1951050558919087,0.3256342036239826,0.641056512016803,0.6016424062650874,0.11222301437519495,30504657.186532427,13.84774675757785,1.7990935415880205,0.0,1.0,TAP_CPU_BOUND,False
wsweep-w4-n8-D1-c64-r1,worker_sweep,D1,2.058,closed,csv,64,8,4,,1,44247,44247,980.9546493492251,980.9546493492251,0.0,0.0,0.06507280509683862,0.05864481581375003,0.12452609986066815,0.170125367641449,0.3031668524751806,0.5216856622137129,0.5024599116694557,0.10379250654950735,29121720.747786343,13.699267118363856,1.7673009020060046,0.0,1.0,TAP_CPU_BOUND,False
wsweep-w4-n8-D1-c128-r0,worker_sweep,D1,2.058,closed,csv,128,8,4,,0,44096,44096,975.7704128521888,975.7704128521888,0.0,0.0,0.13069165379176215,0.11189447436481714,0.28046666365116835,0.3861918335780508,0.5429054455552289,0.7536705699749291,0.6024625594688664,0.23517413879744709,29396780.619544283,14.684979769721023,1.881435494910003,0.0,1.0,TAP_CPU_BOUND,False
wsweep-w4-n8-D1-c128-r1,worker_sweep,D1,2.058,closed,csv,128,8,4,,1,44298,44298,981.2710468642612,981.2710468642612,0.0,0.0,0.1301144333659943,0.11460929573513567,0.2763079930795357,0.3994696927024048,0.5902219582721668,0.9152581649832428,0.5911590715435425,0.22822711458429695,29162332.726799,14.638481940197284,1.8571682788510062,0.0,0.9999998906345797,TAP_CPU_BOUND,False
wprobe-w4cpu4-n1-D1-c1-r0,worker_limit_probe,D1,2.058,closed,csv,1,1,4,,0,3793,3793,84.26899359690522,84.26899359690522,0.0,0.0,0.011835890192677966,0.010909857228398323,0.023215847369283418,0.027783141043037172,0.031969139683992225,0.12195773515850306,0.39029712698049746,0.015080000180751077,2524325.869601338,0.7471183749362709,0.12652765882830658,0.0,0.9999987213322695,MEMORY_BOUND,False
wprobe-w4cpu4-n1-D1-c1-r1,worker_limit_probe,D1,2.058,closed,csv,1,1,4,,1,3832,3832,85.15349511034134,85.15349511034134,0.0,0.0,0.011712543303749693,0.010794335510581732,0.021128860651515355,0.02733471380546689,0.030242014151532597,0.11990521801635623,0.3791934083467936,0.014991229097358878,2527451.643665353,0.7561929739741121,0.1218357557789739,0.0,1.0,MEMORY_BOUND,False
wprobe-w4cpu4-n1-D1-c2-r0,worker_limit_probe,D1,2.058,closed,csv,2,1,4,,0,7322,7322,162.7075197880669,162.7075197880669,0.0,0.0,0.012258672326708065,0.011291643604636192,0.024080532998777923,0.02860963026527315,0.032710383212659865,0.13049070490524173,0.39442053097102264,0.01561060599051416,5027373.056725766,1.5225539775572343,0.24066614385330104,0.0,1.0,MEMORY_BOUND,False
wprobe-w4cpu4-n1-D1-c2-r1,worker_limit_probe,D1,2.058,closed,csv,2,1,4,,1,7414,7414,164.72269195086108,164.72269195086108,0.0,0.0,0.012107439250349877,0.011236929567530751,0.020341350068338215,0.028312277495861047,0.03222731256578124,0.12476500915363431,0.37256620406064583,0.015567004098556934,4774804.673973236,1.5200293891671646,0.2391117563027492,0.0,1.0,UNKNOWN,False
wprobe-w4cpu4-n1-D1-c4-r0,worker_limit_probe,D1,2.058,closed,csv,4,1,4,,0,7928,7928,176.0776997915875,176.0776997915875,0.0,0.0,0.022671188231650177,0.02307741716504097,0.04268523182254284,0.056395945455878914,0.12897997806687,0.14946832787245512,0.5364185299831824,0.03638357345480472,5281196.660695259,1.762497609463,0.26701315691719946,0.0,1.0,UNKNOWN,False
wprobe-w4cpu4-n1-D1-c4-r1,worker_limit_probe,D1,2.058,closed,csv,4,1,4,,1,11056,11056,245.57748990837217,245.57748990837217,0.0,0.0,0.016246798087983606,0.014148001093417406,0.029267071862705052,0.039310274948366,0.05622262711869943,0.1335978526622057,0.4638841693073128,0.02421328134369105,7252758.866659008,2.4065705181936545,0.36640225609358734,0.0,1.0,UNKNOWN,False
wprobe-w4cpu4-n1-D1-c8-r0,worker_limit_probe,D1,2.058,closed,csv,8,1,4,,0,14780,14780,328.2816286973828,328.2816286973828,0.0,0.0,0.024323956063489843,0.024484422989189625,0.04617321470286697,0.059720119656994884,0.1264600414298596,0.17781167896464467,0.5332523047046922,0.0393583781318739,10001783.568039639,3.4834852874216153,0.5007351151376719,0.0,1.0,UNKNOWN,False
wprobe-w4cpu4-n1-D1-c8-r1,worker_limit_probe,D1,2.058,closed,csv,8,1,4,,1,12131,12131,269.41300996903976,269.41300996903976,0.0,0.0,0.029643072315196393,0.028431717306375504,0.04771268577314913,0.06130048725754024,0.14130837304518168,0.17460612300783396,0.35913642044934485,0.04008226469159126,8229635.735486716,2.936461683493347,0.4194697425244734,0.0,1.0,UNKNOWN,False
wprobe-w4cpu4-n1-D1-c16-r0,worker_limit_probe,D1,2.058,closed,csv,16,1,4,,0,15089,15089,334.8800532668366,334.8800532668366,0.0,0.0,0.04769264832174197,0.04180040629580617,0.08649515807628631,0.12198963353410355,0.18148960902914868,0.23018106492236257,0.4490344003512766,0.07418136270716784,10343563.601971993,3.9238788910541706,0.5518057026879947,0.0,1.0,TAP_CPU_BOUND,False
wprobe-w4cpu4-n1-D1-c16-r1,worker_limit_probe,D1,2.058,closed,csv,16,1,4,,1,15222,15222,338.0504486284845,338.0504486284845,0.0,0.0,0.047275827255538326,0.046731971902772784,0.08122542938217518,0.10991272521670893,0.17233852666709612,0.21806238312274218,0.4395411580534935,0.06919778820592909,10298244.013541462,3.8403465087387834,0.5385723797730162,0.0,1.0,TAP_CPU_BOUND,False
